FIPS,EP_POV150,EP_UNEMP,EP_NOHSDP,EP_NOVEH,EP_LIMENG,EP_MINRTY
25001010100,22.3,8.7,3.5,12.3,3.5,20.3
25001010206,10.4,1.1,1.0,7.6,0.0,13.7
25001010208,12.7,2.8,2.0,4.7,0.0,0.1
25001010304,6.8,6.7,1.1,0.9,0.5,8.8
25001010306,17.3,10.0,7.5,2.1,2.4,12.7
25001010400,17.8,0.0,1.1,6.9,0.4,5.0
25001010500,10.0,5.8,0.5,3.2,0.6,1.3
25001010600,11.5,5.5,2.2,5.7,0.2,3.8
25001010700,13.5,4.4,1.2,3.1,0.0,12.3
25001010800,8.1,14.7,1.0,6.3,0.0,4.4
25001010900,9.5,1.9,3.3,6.2,0.1,8.1
25001011002,10.4,12.2,2.6,2.1,0.1,17.7
25001011100,8.8,2.4,1.2,2.9,0.0,0.4
25001011200,9.0,5.0,1.6,6.0,0.4,5.1
25001011300,6.2,3.9,3.1,3.0,0.5,5.1
25001011400,11.6,6.9,1.4,3.0,0.0,4.0
25001011500,9.7,1.0,7.6,0.5,5.7,23.3
25001011600,17.6,13.5,3.8,6.6,1.1,10.5
25001011700,12.1,2.7,1.9,7.0,1.4,1.4
25001011801,7.8,1.0,1.9,6.5,0.0,4.9
25001011802,12.4,4.8,2.1,3.1,0.4,5.0
25001012001,8.6,8.6,5.4,3.1,5.9,16.7
25001012002,20.4,9.3,4.2,6.8,2.0,13.6
25001012101,10.4,3.9,6.2,4.5,1.9,36.5
25001012102,12.7,5.7,5.6,7.6,1.4,13.8
25001012200,1.8,0.2,4.1,2.0,0.3,3.4
25001012502,27.3,8.4,11.7,15.7,4.3,43.4
25001012601,14.9,6.5,3.2,6.2,2.6,19.3
25001012602,14.5,0.8,17.0,4.4,7.6,49.7
25001012700,6.6,3.3,3.7,1.5,7.6,16.7
25001012800,9.2,2.3,5.7,3.6,4.0,10.9
25001012900,14.1,3.4,5.0,0.4,1.0,24.2
25001013002,4.8,1.9,0.7,4.8,0.7,13.9
25001013100,6.3,4.2,3.8,0.0,0.5,4.0
25001013200,7.9,4.1,2.4,3.0,0.0,9.0
25001013300,13.3,4.4,2.5,5.5,0.0,7.5
25001013400,12.2,3.1,0.7,0.5,0.1,4.4
25001013500,4.8,3.1,1.5,0.0,0.3,11.5
25001013600,8.5,2.8,2.8,3.2,0.8,6.6
25001013700,13.5,1.7,6.0,6.7,1.1,8.6
25001013800,6.4,3.5,3.9,1.5,0.5,8.6
25001013900,25.3,1.4,0.4,2.5,0.0,10.0
25001014002,11.6,0.5,4.2,7.0,0.8,14.4
25001014100,12.6,9.9,4.3,10.0,1.1,16.2
25001014300,6.4,7.2,0.0,0.2,0.0,3.0
25001014402,10.0,9.0,7.3,0.4,1.7,14.6
25001014500,12.6,3.0,8.3,4.7,0.0,14.1
25001014600,9.9,3.1,4.7,8.9,2.1,12.1
25001014700,15.2,4.1,4.4,4.4,0.3,12.2
25001014800,31.8,3.3,7.4,20.8,3.3,21.5
25001014900,8.3,5.9,3.1,8.7,0.8,7.9
25001015001,9.3,5.1,3.0,0.5,0.1,10.4
25001015002,18.3,2.7,1.5,6.2,0.0,25.5
25001015100,12.7,5.5,1.7,11.5,0.8,8.8
25001015200,7.8,4.4,1.4,1.5,1.0,3.3
25001015300,36.0,2.0,20.8,21.5,7.6,51.5
25001990000,,,,,,
25003900100,45.2,9.6,15.1,39.8,1.7,35.6
25003900200,42.8,6.4,11.2,19.9,0.0,33.7
25003900300,17.8,5.0,1.4,4.3,0.0,22.7
25003900400,14.1,7.7,6.1,11.2,0.0,15.2
25003900500,13.4,5.9,6.9,5.2,2.8,9.4
25003900600,43.4,16.4,15.1,30.1,0.0,52.1
25003900700,11.0,8.5,4.3,15.4,0.0,7.2
25003900800,6.0,5.3,4.2,2.5,5.1,17.7
25003900900,23.3,6.5,5.3,7.2,0.0,17.9
25003901100,16.5,3.3,9.0,12.9,2.3,13.3
25003911100,9.4,1.5,5.3,0.0,1.4,1.6
25003912100,15.7,4.0,4.3,1.4,0.6,6.1
25003913100,12.1,9.0,5.9,9.8,1.2,8.4
25003914100,11.7,3.7,1.9,4.4,0.5,8.9
25003920101,12.0,1.3,2.2,9.3,0.0,17.2
25003920102,17.3,1.9,2.6,5.7,0.1,16.1
25003921300,33.5,2.1,13.7,8.4,0.0,17.0
25003921400,22.6,10.7,10.4,10.7,1.1,14.2
25003921500,23.0,9.0,4.9,10.1,0.0,9.2
25003922100,21.7,9.3,3.8,17.7,0.3,10.8
25003922200,22.9,3.8,10.7,20.4,0.3,3.9
25003922300,19.9,6.9,4.9,4.7,0.0,3.6
25003923100,10.2,6.2,6.9,4.0,0.9,10.0
25003924100,22.2,8.1,3.7,1.9,0.3,8.0
25003925101,6.4,0.0,3.0,5.2,0.0,26.9
25003925102,17.4,4.3,6.5,7.1,0.1,13.0
25003926100,11.7,3.0,4.6,2.6,0.0,9.2
25003931100,12.8,3.8,8.0,3.2,0.2,7.1
25003931300,16.1,7.7,7.9,1.9,0.0,4.0
25003931400,6.9,2.1,5.1,0.7,0.1,11.5
25003932200,14.3,2.8,3.6,1.6,1.5,9.3
25003932300,19.1,4.7,11.7,2.6,2.3,7.9
25003933200,11.1,4.8,9.4,0.0,0.0,5.3
25003933300,17.4,4.6,2.4,1.7,0.0,12.3
25003933400,10.6,5.3,9.9,1.8,0.3,6.6
25003934200,14.3,8.6,3.7,2.8,0.0,6.7
25003934300,13.0,1.7,6.0,0.6,0.8,6.1
25003935100,14.2,2.5,3.0,1.7,0.0,7.6
25003935200,13.4,5.5,4.7,7.8,0.2,6.9
25003935300,26.7,3.0,14.3,26.9,0.3,12.5
25005600100,10.4,0.3,3.2,2.7,0.3,21.7
25005600202,11.1,9.1,2.3,5.9,2.0,15.6
25005600203,11.6,6.5,2.3,1.6,0.9,14.1
25005600204,2.9,3.0,2.3,4.3,1.0,24.6
25005610100,13.5,7.4,2.9,6.9,0.7,19.5
25005610202,5.0,1.4,4.0,1.9,0.0,10.0
25005610203,1.8,3.0,2.3,6.6,0.9,11.8
25005610204,12.5,5.3,8.2,4.2,1.0,21.8
25005611101,9.4,3.4,4.9,6.3,0.3,9.6
25005611102,11.3,4.3,5.7,6.2,0.5,20.6
25005611201,8.8,5.7,12.3,0.0,0.0,20.1
25005611202,6.8,4.1,4.7,5.7,0.4,7.9
25005612100,13.0,8.1,10.1,9.5,2.5,7.5
25005612201,20.5,8.8,6.0,1.1,0.5,26.4
25005612202,6.9,3.8,9.3,2.7,2.9,19.2
25005613100,15.6,6.4,17.5,3.6,6.5,37.3
25005613300,8.4,5.7,7.3,4.1,1.0,18.6
25005613400,15.2,2.6,8.7,5.1,0.8,22.2
25005613600,34.6,11.3,16.9,9.7,6.6,31.2
25005613700,15.5,4.8,21.1,14.9,6.3,26.7
25005613800,37.3,7.2,18.4,23.3,10.3,30.8
25005613901,29.5,8.2,16.8,11.4,6.8,30.3
25005613902,14.0,1.8,20.3,3.2,3.5,20.9
25005614000,41.3,7.8,21.2,18.6,9.8,36.8
25005614101,15.0,1.6,10.2,5.3,2.1,21.7
25005614102,14.2,6.6,17.8,0.5,2.6,18.7
25005615100,7.0,6.4,4.0,2.6,0.3,8.8
25005616100,2.3,4.9,3.9,0.0,0.4,9.6
25005617101,6.7,5.5,3.7,1.8,0.0,4.7
25005617102,5.5,6.1,6.8,1.8,0.0,4.2
25005630101,20.7,2.6,9.5,6.5,3.2,35.2
25005630102,11.5,11.0,5.8,4.1,1.6,14.1
25005630201,14.7,2.7,5.8,1.3,0.0,6.3
25005630202,7.4,4.5,3.2,0.7,0.1,14.0
25005630301,7.1,9.8,6.0,3.6,0.6,9.9
25005630302,1.8,0.6,6.8,4.3,1.0,11.7
25005630400,8.2,5.3,3.3,10.1,0.4,12.7
25005631101,20.8,7.2,9.2,11.4,1.8,14.2
25005631102,10.1,3.7,6.9,4.6,3.4,14.6
25005631200,8.4,3.0,8.6,6.8,1.0,18.1
25005631300,9.8,3.1,6.0,4.1,3.3,15.6
25005631400,28.8,5.2,19.0,21.2,7.9,47.0
25005631500,24.2,3.5,16.3,1.0,2.7,17.9
25005631600,35.4,6.3,20.2,17.3,7.3,40.4
25005631700,8.4,5.5,8.3,5.5,0.0,7.7
25005631800,18.7,4.0,7.3,7.5,1.3,13.5
25005632100,5.7,4.4,3.9,2.3,1.6,13.6
25005632200,9.3,6.6,10.3,4.9,1.0,9.1
25005633100,9.9,6.1,4.8,2.8,1.0,3.6
25005633200,5.6,1.2,6.5,1.4,0.3,4.6
25005640100,21.1,5.3,22.7,12.2,7.7,29.7
25005640201,42.0,5.8,50.3,12.9,12.3,57.2
25005640202,39.1,3.5,32.7,29.4,16.6,24.4
25005640300,23.2,9.9,15.6,18.3,4.5,35.1
25005640400,34.0,10.8,18.6,16.7,3.1,27.2
25005640500,34.6,2.3,25.0,26.9,19.2,29.4
25005640600,37.1,4.2,38.7,14.7,16.0,24.9
25005640700,23.3,8.5,14.5,3.1,12.3,20.1
25005640800,16.7,5.4,24.0,6.8,11.1,34.5
25005640901,23.3,23.6,23.6,16.8,9.7,44.1
25005641000,31.6,2.7,39.3,22.8,10.4,35.0
25005641101,66.1,10.7,33.4,33.4,5.7,35.5
25005641200,43.9,10.5,38.1,18.0,12.5,23.1
25005641300,43.3,9.2,33.4,18.6,18.2,37.2
25005641400,40.5,5.3,22.3,28.0,17.5,48.0
25005641500,25.4,10.2,14.5,27.8,5.4,22.8
25005641600,28.4,9.5,14.7,7.5,5.1,16.8
25005641700,19.0,5.9,22.3,5.8,4.9,11.7
25005641800,20.8,8.3,15.9,15.4,8.7,18.9
25005641900,35.0,19.5,34.5,16.7,14.2,47.0
25005642000,45.6,10.4,23.5,13.5,9.2,36.7
25005642100,25.3,15.3,14.6,19.4,2.9,22.6
25005642200,21.6,6.5,24.2,11.2,7.0,25.6
25005642300,10.1,2.4,7.0,4.5,5.1,24.4
25005642400,16.3,6.1,16.4,7.1,3.9,15.1
25005642500,6.7,6.3,15.7,1.8,6.3,17.2
25005644101,5.1,2.7,5.5,5.1,0.3,2.4
25005644102,10.2,4.0,8.9,1.6,2.1,8.8
25005644200,8.2,2.1,10.5,3.4,0.8,8.0
25005645101,7.1,5.2,8.0,6.8,1.0,6.2
25005645102,4.5,6.5,12.5,0.7,1.0,13.1
25005645103,6.0,5.0,11.6,1.2,1.5,9.3
25005646101,9.9,2.4,13.2,3.3,0.8,5.9
25005646103,9.6,4.4,6.9,0.4,0.9,4.9
25005646104,9.2,2.3,4.1,4.8,0.0,1.4
25005650101,15.1,5.3,18.5,6.2,7.2,22.3
25005650102,24.6,6.0,20.2,6.8,1.8,30.4
25005650201,11.3,4.1,15.0,4.5,3.6,30.5
25005650202,22.1,6.6,22.9,3.0,4.2,25.3
25005650300,7.5,1.5,18.8,6.1,5.0,16.0
25005650400,31.5,11.3,19.3,17.1,7.3,28.6
25005650500,19.2,3.6,21.4,7.7,15.7,36.9
25005650600,38.1,11.3,28.7,46.0,15.4,41.2
25005650700,47.9,8.5,44.8,34.8,26.1,69.8
25005650800,47.2,14.0,35.3,22.6,14.1,61.0
25005650900,60.9,12.3,25.5,19.5,9.6,69.3
25005651001,22.7,5.0,16.5,6.2,2.1,23.3
25005651002,22.2,3.0,8.4,5.5,1.8,43.4
25005651100,40.7,5.1,23.6,25.8,9.5,48.9
25005651200,50.8,3.4,30.0,22.5,18.1,61.6
25005651300,44.8,7.0,24.8,26.5,6.2,51.2
25005651400,40.6,9.6,26.0,21.2,5.9,49.2
25005651500,30.1,5.1,15.5,17.5,6.3,54.1
25005651600,26.7,8.2,15.8,8.1,1.1,43.6
25005651700,38.6,11.1,18.8,33.5,5.8,66.8
25005651800,61.0,3.5,37.5,50.3,2.8,50.0
25005651900,59.6,10.1,33.8,23.8,23.0,84.0
25005652000,28.1,6.8,28.8,25.9,5.4,40.8
25005652100,13.0,4.9,24.8,3.7,2.4,30.0
25005652200,19.3,8.1,15.4,7.8,1.1,16.0
25005652300,44.6,21.9,27.8,13.6,6.3,42.5
25005652400,30.9,4.4,41.0,18.1,11.9,40.2
25005652500,35.9,4.1,30.4,24.2,13.5,35.0
25005652600,49.4,15.6,37.5,35.4,14.9,59.1
25005652700,35.7,6.8,25.7,25.1,7.1,40.5
25005652800,8.1,8.0,24.4,5.6,9.9,31.0
25005653101,13.3,2.7,15.4,8.4,0.9,14.6
25005653102,5.5,2.8,18.2,2.3,1.1,16.6
25005653203,24.2,2.4,16.6,10.8,3.0,13.3
25005653204,11.1,4.2,12.8,2.6,4.4,5.5
25005653301,8.2,4.2,11.4,8.8,1.6,12.1
25005653304,3.4,1.4,7.8,2.9,1.3,4.4
25005654100,8.3,2.3,8.0,1.6,1.8,8.0
25005654200,17.3,5.1,8.5,6.4,0.4,8.1
25005655100,6.6,5.4,7.2,4.5,1.4,6.6
25005655200,21.4,5.2,9.2,9.7,3.2,5.8
25005655300,13.3,4.7,9.9,9.6,2.5,10.9
25005655400,12.3,4.9,5.3,2.7,1.0,3.3
25005985500,9.5,7.2,10.3,1.0,0.8,27.2
25005985600,11.2,6.0,1.8,4.9,1.3,18.6
25005990000,,,,,,
25007200100,16.9,3.3,9.8,10.0,10.3,28.7
25007200200,14.1,12.9,4.5,2.9,6.2,17.2
25007200300,14.5,7.5,7.3,2.1,0.4,14.8
25007200400,5.9,4.6,1.9,0.8,3.5,15.7
25007990000,,,,,,
25009201100,10.6,4.2,2.4,1.5,0.1,5.8
25009202101,6.4,3.1,6.1,11.8,0.9,16.0
25009202103,20.2,5.5,4.8,9.5,4.4,7.3
25009202104,21.9,9.8,1.8,10.5,1.3,12.9
25009202200,5.2,2.6,3.1,3.8,0.4,12.9
25009203100,5.7,3.1,0.4,1.8,1.6,6.6
25009203200,5.6,0.4,1.5,1.8,0.2,9.6
25009203301,7.2,2.5,1.5,6.0,0.1,4.7
25009203302,7.2,7.3,0.0,5.1,1.4,8.5
25009204101,19.5,8.2,3.1,9.1,2.4,20.9
25009204102,16.2,2.1,2.5,7.2,0.9,29.0
25009204200,17.5,8.8,11.0,25.1,3.5,35.9
25009204300,37.9,7.1,21.3,40.2,15.1,60.2
25009204400,15.4,6.6,9.1,20.1,6.9,14.6
25009204500,10.7,3.1,3.1,15.7,1.0,15.2
25009204600,17.4,1.9,2.2,7.8,1.3,19.1
25009204701,14.7,5.8,5.9,8.5,7.9,43.4
25009204702,22.6,1.9,11.9,10.1,7.1,31.4
25009205100,13.7,3.3,12.8,4.2,8.7,44.6
25009205200,19.0,9.8,23.3,9.9,18.8,60.3
25009205300,13.0,3.3,4.6,6.6,5.1,32.4
25009205400,11.1,4.7,9.7,3.8,3.9,26.4
25009205500,19.6,5.5,18.4,15.2,14.7,58.0
25009205600,29.9,3.0,14.1,6.3,3.9,53.0
25009205700,6.5,1.1,11.6,3.4,6.9,53.4
25009205800,24.6,5.9,22.4,17.2,14.0,69.4
25009205900,18.3,3.4,19.9,11.9,8.1,65.5
25009206000,16.0,3.4,33.7,22.4,25.9,78.4
25009206100,36.8,14.0,38.4,19.9,31.0,87.9
25009206200,25.3,8.6,37.4,20.6,19.8,87.4
25009206300,27.1,5.4,28.8,8.6,16.1,73.6
25009206400,21.7,2.8,20.7,7.2,15.0,70.4
25009206500,37.2,4.0,33.8,21.3,19.1,79.7
25009206600,22.4,10.2,23.5,13.0,20.0,64.2
25009206700,23.7,3.7,16.3,26.7,14.9,53.2
25009206800,57.7,16.3,44.3,53.4,28.4,80.1
25009206900,50.6,8.2,16.3,31.8,32.0,64.1
25009207000,50.7,8.9,34.3,37.5,23.1,82.7
25009207100,18.7,0.8,35.9,15.8,26.1,82.7
25009207200,30.9,0.0,33.0,42.5,24.6,78.4
25009208101,14.0,8.5,10.9,2.9,4.1,24.8
25009208102,10.4,1.6,7.6,6.0,0.6,27.8
25009208200,14.7,0.4,12.3,10.3,5.6,17.0
25009208301,14.9,0.9,12.3,10.0,1.3,23.9
25009208302,7.4,3.5,9.6,2.5,4.9,30.3
25009208401,19.8,2.4,8.0,1.6,1.1,11.0
25009208402,12.2,3.0,4.2,12.8,2.0,19.6
25009209100,12.3,6.8,2.9,7.6,4.7,23.0
25009209200,4.6,1.8,2.9,2.2,0.7,11.9
25009210100,6.6,1.5,7.6,0.6,2.2,9.1
25009210200,3.5,3.2,4.7,3.1,0.0,6.5
25009210301,6.0,8.0,6.7,30.9,1.9,6.2
25009210302,11.7,4.1,5.2,3.8,3.3,15.6
25009210401,12.8,1.8,4.6,3.4,8.0,44.4
25009210402,13.5,4.5,8.3,1.4,2.9,14.9
25009210500,12.3,5.1,4.4,7.6,1.8,13.0
25009210600,11.6,5.6,9.2,9.5,4.0,21.8
25009210700,17.0,7.1,18.4,10.8,18.2,48.8
25009210800,16.7,4.5,15.3,17.2,12.9,43.8
25009210900,13.6,5.9,18.9,17.5,7.1,13.4
25009211100,9.6,9.8,6.3,5.2,0.2,11.2
25009211201,3.4,2.8,8.8,0.0,0.8,4.5
25009211202,8.3,4.9,2.4,5.3,0.5,12.4
25009211300,2.7,4.5,4.5,9.8,0.3,7.7
25009211401,13.5,2.5,8.1,7.8,6.5,18.4
25009211402,5.5,4.9,5.2,3.9,2.7,13.5
25009212101,4.9,3.7,13.7,1.2,3.2,17.0
25009212102,9.1,3.5,5.0,1.0,2.1,5.6
25009213100,1.5,4.1,2.4,0.0,0.8,7.7
25009214100,5.6,4.6,3.5,3.9,1.8,14.7
25009215101,7.1,0.9,1.4,3.0,0.2,9.5
25009215102,7.4,1.2,1.8,3.5,0.1,2.9
25009216100,9.3,2.6,0.8,3.7,0.6,10.5
25009217101,18.8,2.1,2.3,14.7,1.0,12.4
25009217102,7.3,3.8,2.3,18.9,2.8,18.4
25009217201,6.9,0.9,3.5,4.7,1.9,7.1
25009217202,8.3,2.4,4.1,4.8,1.0,9.9
25009217300,25.0,6.7,5.1,8.7,2.4,32.6
25009217401,30.3,0.0,2.9,22.6,4.1,16.0
25009217402,20.9,2.8,7.0,9.6,4.1,21.7
25009217500,12.3,5.7,2.0,17.6,1.0,13.0
25009217601,12.0,3.8,2.6,6.5,0.5,11.9
25009217602,11.8,2.0,1.5,0.0,0.3,9.8
25009218100,6.2,5.0,0.4,0.6,0.6,6.2
25009220101,9.5,4.6,2.1,8.1,0.2,6.4
25009220102,13.1,13.1,7.5,5.7,0.3,4.6
25009221100,12.9,13.5,4.0,3.9,1.4,4.8
25009221300,6.8,6.5,0.8,4.6,0.0,2.9
25009221400,38.5,3.6,10.2,9.8,11.0,22.3
25009221500,23.7,5.2,13.9,22.9,6.5,9.9
25009221600,31.3,3.7,3.1,14.4,2.6,27.6
25009221700,19.8,3.3,6.2,5.0,4.1,8.3
25009221800,10.2,7.4,5.0,0.0,0.1,6.1
25009221901,6.2,6.1,1.9,8.7,0.0,4.6
25009221902,8.8,1.7,6.0,7.6,0.6,8.9
25009222100,12.7,1.3,4.6,1.3,0.8,2.0
25009223100,10.8,4.3,1.9,9.1,0.3,7.1
25009223200,11.7,1.4,4.9,7.2,1.1,12.2
25009223300,7.4,2.4,0.6,2.8,0.7,6.0
25009250100,39.0,14.4,28.0,41.7,32.5,83.2
25009250200,13.4,14.0,22.0,10.0,15.3,86.7
25009250300,33.9,6.4,19.5,20.7,38.2,96.5
25009250400,38.3,12.2,40.9,25.9,27.4,95.8
25009250500,40.3,11.0,36.5,18.3,32.7,94.1
25009250600,28.1,9.2,28.7,10.0,27.0,88.7
25009250700,27.2,9.4,26.5,15.3,31.0,92.7
25009250800,34.1,9.5,21.1,22.5,19.2,83.6
25009250900,61.6,12.6,38.9,33.3,40.9,98.7
25009251000,44.5,14.3,48.5,28.2,36.1,93.9
25009251100,51.6,7.7,44.0,68.6,36.1,79.3
25009251200,48.1,10.9,44.5,47.4,38.0,97.5
25009251300,54.6,16.3,54.0,42.4,32.0,94.8
25009251400,43.5,13.9,33.3,21.6,28.2,90.9
25009251500,33.9,9.9,24.0,24.1,18.7,87.0
25009251600,32.2,12.4,27.4,18.7,33.6,88.8
25009251700,27.4,7.7,16.1,11.0,21.6,81.7
25009251800,18.5,5.0,18.2,5.3,9.9,68.2
25009252101,14.8,4.7,8.1,7.2,7.1,41.1
25009252102,2.7,5.2,2.5,2.9,0.4,29.7
25009252201,14.5,1.9,14.5,2.2,5.6,29.9
25009252202,4.3,2.6,4.8,2.9,3.5,24.8
25009252300,25.6,9.9,18.4,14.7,13.6,59.4
25009252400,27.0,9.8,18.3,11.8,13.7,66.8
25009252501,17.0,8.2,15.8,3.7,6.3,51.0
25009252502,24.9,8.6,8.2,5.5,4.7,41.6
25009252601,10.0,7.2,8.1,2.0,4.0,37.4
25009252602,3.3,3.1,4.6,1.5,2.6,30.1
25009252603,5.0,2.9,9.3,4.1,3.3,28.5
25009253100,20.6,4.1,4.7,6.5,4.9,19.6
25009253201,6.6,4.1,4.5,8.6,2.7,10.0
25009253202,21.1,4.1,3.8,7.1,3.2,32.8
25009253203,6.4,1.5,2.1,4.2,0.7,16.2
25009253204,2.0,2.0,4.2,5.3,2.3,26.2
25009253205,1.1,2.1,0.0,0.0,0.6,8.4
25009254100,5.8,2.6,1.0,2.0,1.6,17.0
25009254200,12.3,9.9,4.0,9.4,1.8,23.6
25009254301,8.5,5.2,6.3,0.6,1.5,20.5
25009254302,3.2,1.0,1.5,0.6,1.3,32.8
25009254401,5.0,4.5,2.6,0.0,0.9,37.4
25009254402,7.7,3.5,3.0,0.9,2.3,46.0
25009254403,1.3,5.7,2.3,0.9,1.1,22.9
25009260100,58.6,22.3,23.3,29.2,10.6,60.9
25009260200,34.9,9.7,15.7,23.9,7.8,39.3
25009260301,13.0,3.8,4.7,2.8,2.3,20.1
25009260302,3.3,3.5,5.9,6.3,0.6,15.0
25009260401,12.8,6.1,3.9,3.1,0.5,20.7
25009260402,6.4,4.6,6.7,1.0,2.8,24.3
25009260500,7.0,4.5,8.1,3.0,5.3,29.3
25009260600,20.2,3.0,14.9,3.0,3.2,53.3
25009260700,24.9,10.3,12.6,7.7,1.8,33.8
25009260800,28.4,6.1,16.6,10.9,7.9,62.3
25009260900,24.1,0.8,8.5,13.4,3.9,38.7
25009261000,12.9,1.4,9.1,4.8,1.5,35.2
25009261101,3.3,6.1,2.6,2.7,0.1,6.7
25009261102,9.8,3.0,5.4,0.9,2.7,33.2
25009262100,10.7,2.5,5.5,4.9,0.0,7.7
25009263100,7.3,3.8,2.1,1.9,0.2,12.8
25009264100,7.6,3.4,5.1,1.9,0.6,5.7
25009265101,4.6,0.9,3.6,2.7,0.7,7.8
25009265102,3.5,1.2,1.7,9.2,0.1,11.3
25009266100,5.9,4.3,1.4,2.4,0.4,11.6
25009266200,20.1,3.2,5.0,10.1,0.7,10.3
25009266300,14.3,1.9,6.0,11.1,0.2,15.0
25009266400,12.8,8.4,4.8,3.3,0.3,10.7
25009267102,9.2,8.7,7.5,1.3,0.6,17.2
25009267103,10.7,3.4,5.7,8.3,0.0,3.3
25009267104,12.3,3.7,3.2,10.7,0.3,14.7
25009268100,6.8,3.4,1.8,2.4,0.3,14.1
25009268200,9.2,5.9,2.0,4.5,2.7,4.3
25009268300,14.1,3.8,5.9,7.6,1.2,8.9
25009268400,6.8,8.7,1.6,5.7,0.0,9.2
25009269100,9.6,2.2,2.3,0.5,0.2,8.4
25009270100,3.0,2.9,2.3,3.2,0.3,5.8
25009990100,,,,,,
25011040100,13.9,4.3,6.9,1.7,0.4,7.5
25011040200,14.2,4.2,4.9,1.9,0.4,7.7
25011040300,10.6,3.8,8.8,3.3,0.0,10.1
25011040400,16.8,6.5,5.4,3.8,0.4,9.3
25011040501,29.2,12.0,5.7,8.6,1.3,10.2
25011040502,31.1,5.0,12.7,12.6,0.6,8.3
25011040600,13.1,6.5,3.3,1.5,0.1,13.2
25011040701,25.8,5.4,6.2,14.1,2.5,12.8
25011040702,17.1,3.4,7.8,6.2,0.2,5.8
25011040800,22.6,8.1,4.4,4.6,1.1,17.6
25011040900,12.0,4.0,2.5,5.9,0.8,12.2
25011041000,25.7,4.8,8.6,6.9,1.1,16.0
25011041100,11.2,5.2,6.0,5.1,0.5,6.3
25011041200,13.5,4.6,6.0,3.1,2.6,8.2
25011041301,37.1,6.7,5.9,19.0,3.8,9.6
25011041302,32.8,3.0,16.1,17.2,0.0,17.1
25011041400,38.6,8.0,11.7,28.2,6.1,22.7
25011041501,12.2,6.5,3.0,3.8,0.0,6.5
25011041502,17.4,5.5,3.7,5.0,0.7,12.3
25013800101,28.6,4.2,17.6,13.8,9.1,66.5
25013800102,34.9,8.0,23.4,16.3,9.2,69.3
25013800201,28.3,5.7,14.6,13.6,2.9,71.3
25013800202,26.8,8.3,12.3,6.0,13.5,58.6
25013800300,29.2,17.7,20.9,11.6,7.7,70.6
25013800400,24.8,10.7,19.5,15.7,9.3,76.4
25013800500,23.5,4.5,29.6,11.7,18.4,74.3
25013800600,72.7,24.8,41.7,36.6,21.1,94.0
25013800700,66.2,17.4,47.9,46.4,19.8,98.1
25013800800,64.7,30.3,44.5,44.0,20.1,96.6
25013800900,65.2,13.0,37.2,48.9,22.0,94.4
25013801101,70.3,11.9,23.7,49.3,23.0,80.5
25013801102,41.5,0.0,29.8,37.1,24.5,81.1
25013801200,71.9,9.0,21.0,63.9,14.3,85.4
25013801300,46.4,8.8,21.7,31.5,13.8,90.6
25013801401,51.9,9.0,20.9,17.9,15.5,92.6
25013801402,30.7,8.5,20.2,13.0,7.6,79.5
25013801501,22.4,13.5,18.0,22.3,3.8,78.0
25013801502,50.6,4.0,25.2,15.1,7.5,87.0
25013801503,35.1,2.4,12.9,10.2,6.5,67.5
25013801601,15.1,6.7,7.1,8.3,1.7,55.4
25013801602,23.9,3.5,11.9,12.0,3.1,54.0
25013801603,13.3,5.0,7.0,5.6,2.9,55.1
25013801604,10.7,4.8,5.5,2.4,3.9,31.3
25013801605,29.9,8.9,11.7,9.0,4.8,64.9
25013801700,46.0,8.0,22.6,19.9,4.2,72.7
25013801800,51.1,13.1,39.4,27.3,12.7,87.9
25013801901,64.8,15.6,36.8,28.3,11.0,94.6
25013801902,54.8,15.7,27.0,38.1,26.5,88.3
25013802000,58.6,13.6,47.3,42.3,23.1,86.3
25013802101,32.7,7.4,19.4,11.0,8.1,47.0
25013802200,62.3,5.3,24.2,29.2,13.4,87.5
25013802300,39.1,14.4,24.9,12.1,12.2,83.5
25013802400,10.9,1.7,14.7,4.7,1.4,35.4
25013802500,16.5,5.3,5.7,3.2,3.2,47.7
25013802601,32.3,6.4,16.1,11.6,8.4,67.9
25013802602,13.4,4.5,9.1,9.2,2.4,35.0
25013810100,16.1,3.6,17.1,9.1,1.4,20.8
25013810200,20.6,4.4,5.4,4.8,0.0,8.0
25013810300,10.9,5.2,12.9,4.8,0.6,18.4
25013810403,32.0,4.6,16.1,10.4,12.3,26.6
25013810404,15.3,5.8,16.6,6.5,8.3,11.5
25013810412,14.7,2.7,8.9,2.4,3.9,12.7
25013810414,10.0,3.8,10.8,4.8,1.6,11.1
25013810601,26.0,3.2,18.5,9.7,2.8,25.0
25013810602,12.1,3.4,14.3,1.8,0.5,3.1
25013810700,27.9,11.7,14.6,8.7,6.0,42.9
25013810800,22.4,6.7,16.2,19.6,2.8,40.3
25013810901,40.9,3.3,14.2,22.9,7.8,62.9
25013810902,24.2,11.7,12.3,11.5,2.6,33.4
25013811000,9.7,2.3,9.7,8.8,3.9,23.3
25013811101,36.7,5.1,17.2,20.3,2.1,47.1
25013811102,22.2,8.2,17.9,6.3,4.9,48.9
25013811200,13.8,4.7,13.8,11.9,0.9,16.2
25013811301,12.3,1.9,12.4,8.2,0.3,21.5
25013811302,24.6,6.2,5.5,9.5,0.2,21.1
25013811400,53.5,10.2,36.4,33.4,16.5,94.6
25013811500,77.9,32.6,40.1,33.9,16.7,91.9
25013811600,63.0,10.4,37.3,42.2,32.9,94.2
25013811700,49.2,13.4,42.5,31.2,17.8,83.4
25013811800,35.8,4.1,19.1,14.6,7.8,67.5
25013811900,9.3,1.3,11.6,2.9,2.2,30.0
25013812001,43.1,6.4,30.2,21.7,13.6,63.2
25013812002,28.3,10.4,15.7,10.0,3.4,44.7
25013812101,15.0,4.7,8.0,2.6,2.5,22.9
25013812103,45.2,4.6,18.1,20.3,7.2,42.2
25013812104,36.5,2.5,17.4,16.1,6.9,48.7
25013812201,30.9,3.7,10.3,13.5,6.7,29.8
25013812202,25.5,6.6,8.9,9.4,1.8,32.6
25013812300,38.6,15.8,15.1,17.4,7.3,36.2
25013812401,5.8,2.5,5.7,2.8,0.8,7.1
25013812403,17.6,3.5,12.3,12.3,4.3,29.6
25013812404,7.2,3.8,4.6,4.6,3.3,14.0
25013812500,18.4,7.0,9.6,4.5,5.7,21.0
25013812600,2.7,6.1,9.4,5.6,5.9,13.4
25013812701,29.9,6.2,13.0,11.7,4.8,23.3
25013812702,27.4,6.7,22.0,17.8,12.6,36.6
25013812800,14.0,1.3,9.0,7.8,4.3,11.5
25013812901,12.8,2.6,2.4,1.5,1.1,9.5
25013812902,6.5,0.7,3.8,4.7,1.6,13.7
25013812903,0.0,3.4,0.0,0.0,0.0,14.9
25013813001,11.7,2.7,5.5,1.1,0.0,3.0
25013813002,8.6,2.8,3.8,0.8,0.3,9.5
25013813101,8.8,3.6,2.7,2.9,0.0,10.7
25013813102,8.9,2.5,5.0,2.6,0.3,9.9
25013813204,2.5,4.7,5.5,2.6,1.0,8.1
25013813205,11.7,7.1,4.1,8.0,1.5,9.3
25013813206,13.3,4.3,3.1,1.8,0.6,8.4
25013813207,11.7,5.5,7.8,11.2,2.5,17.5
25013813208,15.1,4.6,8.0,18.7,2.6,10.7
25013813209,16.7,3.7,3.9,7.9,0.4,17.0
25013813301,5.6,4.5,2.6,2.8,0.7,10.1
25013813303,6.2,5.3,5.0,9.8,2.0,16.3
25013813304,3.2,11.0,3.1,0.0,2.2,15.8
25013813401,6.3,1.1,3.3,3.0,1.9,15.0
25013813403,9.5,6.7,5.2,16.2,2.6,17.7
25013813404,3.0,2.7,6.4,6.0,2.1,13.1
25013813500,4.2,6.9,2.5,2.4,0.4,8.6
25013813601,10.3,1.5,4.9,5.9,1.5,15.8
25013813602,2.3,0.8,0.5,1.3,0.0,10.0
25013813701,19.1,11.4,9.5,8.1,0.0,2.3
25013813702,11.5,5.4,7.4,4.2,0.2,9.1
25013813801,13.5,5.3,6.8,1.3,0.3,8.2
25013813802,13.2,3.0,3.5,3.0,0.0,19.3
25015820101,15.8,3.9,6.1,5.4,0.4,5.1
25015820102,44.3,15.4,13.5,13.8,2.3,17.3
25015820205,12.1,2.7,1.2,5.2,0.1,14.5
25015820206,16.8,3.0,4.0,1.6,0.0,9.3
25015820207,9.4,1.4,3.1,12.8,0.6,12.5
25015820300,35.8,5.9,1.5,5.9,0.3,29.2
25015820400,6.5,18.3,0.0,0.0,0.2,38.2
25015820500,42.3,8.7,2.8,26.6,1.2,25.6
25015820600,10.5,7.0,0.0,13.6,0.3,36.6
25015820700,25.1,3.8,2.6,8.2,3.2,34.7
25015820801,10.8,1.8,1.8,9.4,1.8,30.2
25015820802,,20.5,,,0.0,40.3
25015820900,9.4,3.2,6.6,4.3,0.8,7.0
25015821000,9.0,3.9,3.6,2.5,1.1,10.8
25015821101,13.9,3.6,4.4,6.0,1.0,12.8
25015821200,5.7,4.4,0.0,17.4,1.4,41.9
25015821300,10.9,3.9,5.6,5.9,1.5,11.5
25015821400,8.4,3.6,3.1,3.4,0.0,9.3
25015821500,13.7,4.7,3.7,0.5,0.0,11.3
25015821601,20.2,7.0,7.7,7.5,2.9,16.9
25015821602,18.6,3.6,5.8,11.1,1.7,15.1
25015821700,13.2,8.0,4.7,7.3,0.8,13.6
25015821901,13.7,5.7,0.9,4.1,0.1,12.8
25015821903,18.4,3.7,11.0,25.7,6.6,27.7
25015821904,14.8,3.6,3.4,12.9,1.8,16.2
25015822000,14.6,12.7,0.0,4.8,0.7,38.0
25015822200,17.7,4.7,7.3,2.8,4.0,13.6
25015822300,17.1,6.3,8.3,11.4,1.4,8.3
25015822401,7.1,4.0,3.3,3.7,1.2,12.8
25015822402,25.0,5.8,7.6,4.7,2.2,21.2
25015822500,5.4,1.8,3.7,0.7,0.4,8.8
25015822601,16.6,3.1,8.0,3.9,0.0,4.5
25015822603,5.7,5.8,3.7,1.4,0.3,7.0
25015822607,8.8,1.8,2.6,2.6,0.3,5.0
25015822700,15.3,1.6,3.0,1.9,0.7,7.0
25017300100,7.5,5.0,6.5,0.0,0.0,4.8
25017301101,10.5,6.0,5.9,4.6,1.2,21.0
25017301102,12.6,5.5,3.8,1.5,0.0,7.2
25017310101,27.4,2.4,7.4,27.4,7.9,34.7
25017310102,37.2,1.5,16.4,16.4,8.9,41.7
25017310200,19.4,5.8,18.0,10.1,9.6,60.1
25017310300,29.5,6.0,18.5,8.2,4.2,51.4
25017310400,45.0,11.4,16.3,20.6,11.8,56.8
25017310500,26.9,7.6,12.6,5.2,1.5,48.2
25017310601,11.7,1.5,12.5,12.1,5.1,34.8
25017310602,16.7,9.5,9.7,5.0,4.4,44.5
25017310700,34.8,1.0,17.8,20.5,8.1,56.8
25017311100,23.1,4.4,19.6,23.9,12.5,59.5
25017311200,37.0,3.8,29.4,30.1,23.5,81.2
25017311300,38.5,8.6,26.1,14.3,14.8,74.8
25017311400,16.1,3.7,6.3,10.3,8.4,63.3
25017311500,16.8,1.9,20.1,3.4,14.0,62.8
25017311600,17.7,5.5,20.1,7.7,12.1,51.2
25017311700,18.1,7.6,30.1,17.0,25.1,76.9
25017311800,36.2,4.4,28.8,13.6,9.7,70.5
25017311900,40.2,9.0,24.6,37.1,18.7,63.2
25017312000,37.3,12.9,28.4,20.2,15.5,58.1
25017312100,22.1,8.5,16.1,18.2,10.7,62.1
25017312200,14.6,1.7,14.9,2.7,12.0,45.4
25017312300,17.2,8.7,6.1,0.0,10.5,38.2
25017312400,39.3,11.2,29.6,24.2,12.7,37.8
25017312501,14.6,2.7,5.7,9.1,4.9,38.4
25017312502,8.9,3.5,7.4,5.1,2.3,26.2
25017313101,4.3,6.5,6.2,1.5,1.8,22.1
25017313102,8.4,3.0,4.2,2.4,1.4,18.2
25017314101,8.8,4.9,13.1,5.4,1.1,22.9
25017314102,6.9,4.5,6.2,6.4,1.8,20.8
25017314200,15.7,7.9,9.4,3.0,0.5,17.6
25017314301,11.9,4.1,7.5,5.6,2.5,17.6
25017314302,3.8,3.2,5.6,0.0,2.5,10.6
25017315100,2.9,2.2,7.0,0.5,1.5,11.5
25017315200,9.5,3.2,6.7,3.4,0.1,11.8
25017315401,10.8,14.1,9.3,8.0,2.5,13.1
25017315402,2.1,7.2,3.5,0.0,0.5,8.9
25017315403,1.9,6.3,2.5,2.3,1.1,7.2
25017315500,4.2,3.0,4.2,1.3,1.2,14.1
25017316101,3.2,6.5,4.8,0.0,0.5,12.5
25017316102,4.1,1.2,3.4,4.6,1.2,13.1
25017316201,2.1,2.6,4.9,0.4,0.9,8.3
25017316202,5.7,4.5,8.3,6.6,3.1,28.3
25017316300,8.7,3.3,4.4,5.7,2.3,31.6
25017316400,4.3,2.0,4.4,0.3,2.1,21.0
25017316500,11.9,7.9,7.5,9.6,2.9,36.6
25017317101,11.7,8.3,4.8,5.4,1.2,22.0
25017317102,7.5,2.3,5.0,0.0,2.7,24.1
25017317103,7.5,9.8,4.6,1.0,0.2,16.1
25017317201,5.7,5.5,0.9,0.0,0.9,15.7
25017317202,1.9,1.8,2.2,2.1,0.0,11.8
25017317203,9.9,1.6,4.7,8.2,2.0,23.0
25017317301,5.5,2.4,3.8,2.4,2.5,30.0
25017317302,6.4,4.9,4.5,3.6,0.9,11.5
25017318100,7.5,5.1,1.1,1.9,1.0,25.7
25017318200,4.8,1.1,2.2,1.0,0.3,34.2
25017318300,4.1,4.1,0.8,1.0,1.1,29.6
25017318400,3.8,6.0,3.3,5.1,2.1,31.2
25017320102,6.3,0.9,1.3,1.6,0.3,19.2
25017320105,4.3,4.6,1.5,3.1,2.5,21.8
25017320106,8.3,2.7,1.4,3.1,1.0,17.5
25017320107,5.7,1.8,1.4,0.6,0.9,44.3
25017321100,19.7,9.1,3.0,10.7,4.9,30.9
25017321200,21.3,1.0,7.5,5.7,16.0,40.1
25017321301,28.6,9.2,27.1,19.9,14.7,44.7
25017321302,8.2,3.4,4.9,12.0,5.2,27.5
25017321400,6.9,2.4,5.0,11.5,5.4,38.6
25017321500,17.6,5.9,12.5,6.3,9.8,38.4
25017321600,6.6,7.4,12.8,2.4,9.2,44.2
25017322100,0.7,4.6,9.2,0.6,2.0,20.5
25017322200,9.5,2.6,7.3,5.7,3.5,16.3
25017322300,20.0,5.6,13.7,5.4,9.1,21.8
25017322400,4.3,4.0,7.9,3.7,2.7,11.3
25017323101,2.7,6.8,0.7,5.0,0.0,12.2
25017323102,8.5,0.7,1.8,0.0,0.0,22.7
25017324101,6.9,5.6,6.6,0.4,0.3,14.5
25017324102,7.6,5.5,0.4,1.1,0.0,12.4
25017325101,4.6,9.1,4.2,0.9,1.0,18.4
25017325102,13.6,1.9,15.1,5.7,2.3,30.9
25017326101,7.5,5.3,5.0,5.3,0.6,14.7
25017326102,9.3,4.5,3.6,2.7,1.2,13.8
25017327101,3.2,2.6,2.7,0.0,0.0,6.7
25017327102,5.0,6.1,3.5,0.9,2.1,14.6
25017327103,15.2,2.6,4.1,6.7,2.9,21.7
25017328100,3.2,5.9,1.9,0.4,0.4,10.6
25017330101,4.7,0.9,0.0,2.0,1.1,9.1
25017330102,2.5,4.3,4.8,5.8,0.4,12.3
25017330201,2.2,9.9,3.4,2.1,1.9,9.4
25017330202,4.9,6.6,3.2,4.3,3.3,16.7
25017331101,2.8,6.4,1.7,0.8,0.9,17.0
25017331102,1.0,3.2,2.3,2.9,0.6,6.7
25017331200,3.0,3.1,5.9,4.2,0.4,8.7
25017331300,18.7,5.8,5.6,10.1,1.0,21.1
25017332100,2.0,3.1,4.0,2.0,1.3,20.1
25017332201,5.6,14.5,3.1,4.1,0.3,22.5
25017332202,14.8,1.6,3.6,5.0,2.5,25.9
25017332300,11.0,2.3,0.7,1.4,2.2,24.2
25017332401,6.8,4.5,6.7,3.1,0.8,30.8
25017332402,17.1,3.5,4.2,5.9,3.5,29.5
25017333100,7.5,6.7,4.2,10.1,1.0,20.7
25017333200,9.6,5.0,1.5,10.5,2.8,20.2
25017333300,12.8,3.6,8.5,10.5,9.6,18.0
25017333400,9.3,11.7,7.4,3.2,1.1,15.8
25017333501,11.6,5.0,5.9,1.6,1.6,28.2
25017333502,17.5,15.2,10.1,5.5,17.1,37.5
25017333601,14.9,5.5,6.7,0.7,3.1,35.8
25017333602,13.7,6.5,8.3,8.2,3.4,38.5
25017334100,4.9,3.6,1.0,3.8,0.3,13.7
25017334200,7.8,1.6,3.5,7.1,1.6,7.2
25017334300,4.4,4.0,3.6,2.5,1.1,10.4
25017334400,7.3,1.3,5.5,11.2,4.0,22.6
25017335100,9.6,6.3,4.5,5.9,0.6,5.7
25017335200,6.1,1.3,2.7,2.2,0.5,11.4
25017335301,8.4,2.1,7.0,8.6,1.4,14.9
25017335302,7.0,4.7,1.2,2.6,0.6,8.4
25017335400,3.5,5.7,7.1,1.7,1.1,15.8
25017336100,11.2,2.8,6.7,18.8,1.4,23.4
25017336201,5.6,4.5,5.7,0.0,0.3,6.4
25017336202,4.0,2.6,2.6,4.1,0.0,8.7
25017336300,4.5,3.7,1.3,5.1,1.8,12.0
25017336402,9.7,7.4,4.7,15.1,6.0,32.1
25017336403,10.0,3.4,9.6,7.1,2.4,36.1
25017336404,9.3,1.6,6.4,2.2,2.2,37.2
25017337101,7.6,5.2,2.0,8.9,1.6,25.7
25017337102,7.6,3.9,4.8,0.7,0.4,13.7
25017337201,12.1,4.8,4.6,6.8,5.0,15.3
25017337202,4.5,4.0,6.0,6.2,5.3,14.9
25017337300,7.8,0.5,6.1,2.8,0.9,22.7
25017338100,2.8,3.5,2.5,1.8,3.5,28.1
25017338200,7.8,5.4,3.5,5.9,3.4,42.1
25017338300,10.8,2.4,2.7,17.8,1.2,14.4
25017338400,3.4,3.4,1.5,0.7,1.1,30.7
25017338500,6.4,2.3,3.2,5.9,0.0,16.0
25017339101,20.7,3.8,12.3,30.6,10.3,39.3
25017339102,5.5,1.3,3.0,1.2,0.7,7.3
25017339200,5.4,7.9,3.6,7.7,0.9,17.2
25017339300,16.4,1.8,4.1,10.8,2.6,47.8
25017339400,19.3,7.2,5.3,10.0,2.3,19.2
25017339500,16.1,3.0,11.2,9.4,3.4,29.0
25017339600,12.3,1.9,9.5,12.5,11.3,37.4
25017339700,20.1,1.4,15.6,20.3,9.0,43.3
25017339802,21.5,0.0,3.6,2.8,6.6,43.4
25017339803,15.4,7.6,1.8,16.6,5.1,39.5
25017339804,3.0,0.5,6.4,4.2,7.9,44.0
25017339900,12.0,2.5,2.9,11.1,2.5,26.6
25017340000,14.7,3.7,10.1,6.0,3.9,38.5
25017340100,4.8,10.0,8.4,6.6,2.3,33.8
25017341101,13.6,4.0,7.4,8.6,11.1,54.5
25017341102,26.2,7.9,9.7,27.2,9.3,40.1
25017341200,13.7,11.7,15.8,7.5,16.9,53.6
25017341301,26.9,1.7,5.2,43.8,9.1,77.4
25017341302,7.0,8.5,13.5,15.4,9.1,42.4
25017341400,18.8,2.5,13.3,11.5,14.8,61.7
25017341500,18.7,9.0,10.9,14.8,12.1,72.5
25017341600,20.6,2.4,14.6,27.9,11.5,45.2
25017341700,10.9,8.4,16.5,16.0,7.7,54.5
25017341800,34.4,9.0,24.4,22.1,16.2,70.9
25017341901,19.5,3.1,7.2,5.8,11.7,39.2
25017341903,16.0,3.2,4.6,3.7,5.6,46.2
25017341904,31.6,15.7,12.8,12.2,14.2,52.7
25017342101,29.2,4.8,16.0,15.7,10.8,54.0
25017342102,23.1,1.1,24.1,19.9,13.0,67.3
25017342201,21.8,8.9,17.6,35.9,24.3,65.5
25017342202,27.9,3.1,17.6,17.9,22.1,71.1
25017342301,19.2,22.1,33.7,11.6,15.6,71.2
25017342302,12.4,1.8,27.5,12.3,18.9,52.8
25017342401,30.1,6.3,16.7,20.2,13.0,63.2
25017342402,53.0,0.0,7.7,9.9,13.1,57.7
25017342501,26.3,11.1,21.7,13.7,20.7,55.3
25017342502,37.5,7.9,9.5,25.9,8.4,41.1
25017342600,10.0,6.9,24.9,26.3,13.4,58.5
25017350105,8.8,4.3,15.2,14.3,10.5,21.6
25017350106,11.2,2.6,1.8,22.1,2.4,41.4
25017350107,10.8,0.0,14.5,9.5,13.2,34.6
25017350108,30.3,4.4,13.4,10.6,13.5,38.1
25017350109,16.6,3.3,17.6,33.2,25.0,54.9
25017350201,12.7,4.5,18.1,11.5,10.3,41.8
25017350202,8.2,2.4,4.5,7.0,7.7,31.8
25017350300,11.1,0.4,8.0,21.5,2.1,32.7
25017350400,7.4,1.5,3.4,14.8,0.5,24.9
25017350500,6.3,4.0,3.1,19.7,1.1,11.6
25017350600,19.7,3.9,2.0,17.4,0.5,31.0
25017350701,16.6,2.4,2.0,25.7,1.1,11.0
25017350702,37.6,0.2,20.1,43.6,4.7,45.8
25017350800,8.8,3.2,2.2,13.2,0.8,20.8
25017350900,9.9,1.5,1.6,25.6,0.9,25.1
25017351001,10.8,4.6,0.9,33.7,0.5,23.9
25017351002,12.7,1.6,4.9,18.7,4.2,33.2
25017351101,16.0,4.6,7.6,25.2,4.0,19.1
25017351102,8.3,0.8,0.5,16.9,0.1,27.8
25017351203,13.6,2.2,3.2,21.6,3.1,24.5
25017351204,7.8,1.4,5.4,18.8,4.3,33.1
25017351300,17.1,3.1,11.0,26.8,5.7,22.9
25017351403,27.1,0.9,18.1,26.1,14.9,40.7
25017351404,16.8,6.1,12.7,22.7,8.4,46.2
25017351500,21.7,5.7,14.8,31.3,12.4,44.9
25017352101,19.4,2.2,2.6,44.9,1.8,53.6
25017352102,10.7,10.2,9.8,25.1,0.5,37.6
25017352200,39.2,5.8,9.5,46.6,6.3,45.4
25017352300,11.9,0.0,2.2,36.0,0.4,47.2
25017352400,41.0,7.3,17.8,39.1,8.6,82.7
25017352500,11.5,3.3,6.2,43.0,1.3,42.3
25017352600,15.2,2.1,9.7,34.4,4.4,39.2
25017352700,29.4,2.3,12.8,32.9,6.6,51.0
25017352800,8.9,2.6,9.6,41.4,3.8,48.5
25017352900,11.5,4.4,4.2,21.1,0.6,30.5
25017353000,21.0,4.7,5.1,41.1,1.8,38.5
25017353101,28.3,5.6,9.2,64.1,4.1,56.5
25017353102,23.0,3.5,0.4,58.0,0.9,58.6
25017353200,17.9,5.0,3.9,38.4,1.4,44.2
25017353300,11.2,1.7,0.8,23.8,0.3,39.0
25017353600,14.1,4.8,1.8,35.4,0.1,33.3
25017353700,19.8,3.5,2.9,44.4,1.9,44.5
25017353800,11.3,1.9,2.0,51.3,0.4,43.9
25017353900,38.1,4.5,2.7,62.2,1.4,51.6
25017354000,25.7,2.4,0.0,35.6,0.2,30.5
25017354100,7.5,1.4,2.1,33.1,0.6,27.5
25017354200,5.3,0.9,0.0,8.2,1.3,32.4
25017354300,8.2,3.2,3.5,16.3,0.4,33.3
25017354400,6.5,6.7,1.5,6.0,0.6,22.8
25017354500,10.4,1.0,2.4,32.8,0.0,28.4
25017354601,19.0,1.7,0.8,30.9,2.6,40.8
25017354602,11.1,2.2,3.4,21.2,2.8,52.4
25017354700,5.2,3.2,1.3,22.4,0.6,37.9
25017354800,10.6,1.8,0.4,19.3,0.6,30.0
25017354901,9.7,1.3,2.0,22.7,2.9,59.6
25017354902,21.9,1.6,11.9,12.4,8.5,55.7
25017355000,7.9,5.1,2.4,20.4,0.9,36.7
25017356100,3.5,2.9,3.7,7.7,1.1,24.5
25017356300,7.9,4.1,2.8,5.8,1.3,30.8
25017356400,7.9,6.6,1.6,7.5,2.3,21.6
25017356500,6.6,4.2,3.1,9.3,1.4,25.7
25017356601,8.8,4.8,4.3,12.7,1.8,24.4
25017356602,8.6,0.2,4.1,8.9,1.5,17.3
25017356701,10.7,2.1,2.0,10.7,0.7,29.8
25017356703,13.2,5.7,0.4,22.3,3.4,22.8
25017356704,5.7,0.0,5.0,7.9,0.3,37.9
25017357100,3.8,6.7,2.6,7.4,1.3,31.9
25017357200,3.3,4.7,1.0,5.4,2.4,29.4
25017357300,5.7,0.0,1.9,5.6,1.8,32.2
25017357400,2.7,7.3,0.3,3.8,2.7,29.3
25017357500,7.9,4.0,0.2,5.5,6.7,22.4
25017357600,5.7,1.7,2.0,10.4,3.4,31.6
25017357700,10.5,6.0,6.9,14.1,5.4,31.7
25017357800,5.1,6.4,3.4,7.3,2.1,23.7
25017358100,4.0,3.1,2.2,4.3,2.3,45.0
25017358300,5.6,2.2,0.9,7.8,4.5,45.6
25017358400,9.7,5.5,3.8,10.1,3.7,38.1
25017358500,4.7,4.7,1.1,1.2,1.7,40.2
25017358600,6.6,3.2,2.8,1.1,4.0,38.5
25017358700,1.7,4.0,2.2,1.3,2.1,45.4
25017359100,7.8,5.5,5.2,9.1,1.0,30.3
25017359301,,,,,,
25017359302,,,,,,
25017359303,8.4,9.5,5.7,3.4,4.3,30.3
25017359400,17.9,4.2,6.9,38.1,2.6,51.4
25017360300,9.4,3.3,1.5,6.7,2.2,24.6
25017361100,2.8,5.1,2.0,5.8,0.7,11.2
25017361200,8.2,4.7,6.6,8.0,2.1,29.2
25017361300,3.1,3.0,1.2,1.4,1.2,15.4
25017362100,5.1,3.1,0.0,0.0,0.9,16.3
25017363103,2.0,6.8,1.3,3.3,0.4,23.9
25017363104,4.5,4.4,3.6,2.1,2.5,34.3
25017363105,23.0,13.0,3.8,2.6,4.4,52.2
25017363106,10.4,3.9,3.6,9.8,2.3,52.4
25017363201,4.8,0.6,1.8,3.1,0.4,31.5
25017363202,3.6,0.7,2.3,2.3,3.9,37.6
25017364101,12.9,4.4,4.4,4.5,0.5,15.4
25017364102,6.1,4.3,2.6,4.9,1.5,15.5
25017365100,1.6,5.2,0.6,1.2,0.8,19.5
25017365201,1.3,6.5,1.9,1.6,0.7,19.6
25017365202,5.0,1.9,1.5,4.8,0.7,16.6
25017366100,7.5,3.1,3.4,3.9,2.0,20.8
25017366201,4.8,1.0,0.0,3.6,0.3,21.2
25017366202,2.0,4.4,1.7,2.7,1.4,26.3
25017367100,10.7,3.6,1.4,0.5,1.7,31.0
25017367200,6.3,0.8,2.3,3.7,0.6,22.5
25017368101,14.3,2.5,3.3,10.1,3.9,34.1
25017368102,10.1,1.2,7.3,2.9,7.6,37.3
25017368200,9.4,3.6,3.6,3.0,1.9,23.6
25017368300,21.4,2.9,11.5,11.5,7.7,49.9
25017368400,8.3,5.9,2.3,3.1,1.0,34.9
25017368500,15.9,2.6,13.2,19.2,4.1,52.0
25017368600,15.0,4.4,13.3,5.5,6.1,38.3
25017368700,11.1,0.8,13.5,3.5,9.5,65.5
25017368800,12.7,1.9,9.4,10.7,7.7,41.2
25017368901,14.9,1.6,4.2,4.1,3.9,29.4
25017368902,30.6,4.4,7.4,10.6,5.0,58.0
25017369000,77.5,7.0,6.4,0.0,1.3,38.6
25017369100,6.3,1.5,5.0,5.9,1.9,19.0
25017370101,9.8,7.9,4.8,8.5,2.3,24.4
25017370103,10.1,3.0,3.4,23.9,6.6,38.0
25017370104,5.9,7.9,6.7,2.7,7.4,30.2
25017370201,4.6,10.8,1.2,5.9,0.7,18.6
25017370202,3.7,5.2,2.8,4.3,2.3,23.0
25017370301,10.9,1.4,7.5,19.0,6.0,26.3
25017370302,8.5,8.5,14.1,18.1,10.0,48.3
25017370401,18.1,2.5,5.4,16.8,1.0,33.0
25017370402,16.7,5.5,0.3,10.5,1.6,47.2
25017370403,4.0,2.5,2.0,4.9,1.5,26.0
25017373100,6.2,9.5,5.1,7.1,8.4,32.7
25017373200,9.1,3.0,5.4,10.4,4.6,24.8
25017373300,11.3,0.6,3.9,7.8,7.3,24.0
25017373400,6.2,3.3,1.0,7.5,0.5,19.3
25017373500,4.7,3.7,0.6,2.0,1.1,18.9
25017373600,11.7,3.3,0.4,6.0,2.2,28.4
25017373700,2.7,4.5,0.0,1.1,0.3,19.2
25017373800,4.1,1.2,0.7,4.8,2.1,27.9
25017373901,5.7,0.0,1.5,3.4,1.6,22.6
25017373902,4.7,2.5,0.5,6.8,0.8,23.5
25017374000,10.7,2.5,1.6,6.1,2.6,31.8
25017374100,10.7,2.8,1.1,6.3,5.9,36.7
25017374200,2.9,2.2,4.9,1.7,3.8,22.5
25017374300,2.1,5.2,0.9,3.3,0.9,16.6
25017374400,6.1,2.2,2.2,9.2,6.0,33.3
25017374500,10.4,3.8,3.0,6.2,1.3,32.7
25017374600,2.6,3.9,2.8,2.5,1.7,24.9
25017374700,12.3,4.5,6.5,9.9,3.5,29.6
25017374800,10.4,3.8,4.3,4.0,1.1,26.8
25017382100,4.3,4.0,1.0,4.5,1.4,19.8
25017382200,4.5,1.5,1.8,2.6,0.0,8.4
25017382300,4.1,1.7,1.9,5.8,1.1,15.3
25017382400,11.1,1.9,0.9,4.5,2.6,15.2
25017382500,9.4,6.5,0.5,10.6,4.5,24.7
25017382601,7.3,3.1,6.1,2.8,4.8,51.6
25017382602,8.7,2.5,1.9,14.6,3.7,25.6
25017383101,25.2,3.1,31.4,23.5,41.3,68.4
25017383102,44.2,18.4,24.3,21.2,22.5,85.3
25017383200,21.3,4.1,22.5,11.8,23.5,64.5
25017383300,14.5,2.3,17.3,24.4,20.1,48.5
25017383401,15.4,5.7,6.9,6.4,18.7,48.5
25017383402,27.2,2.1,19.8,1.6,18.2,56.0
25017383501,31.3,8.9,14.5,16.1,6.1,44.1
25017383502,4.0,6.5,10.1,2.7,11.9,43.3
25017383600,10.6,5.7,9.8,5.3,4.1,37.3
25017383700,9.0,2.1,4.9,4.8,1.0,26.4
25017383800,4.3,4.2,2.4,0.9,0.9,28.4
25017383902,7.7,2.6,2.2,0.7,3.7,26.8
25017383903,8.5,4.9,3.7,4.8,0.0,38.6
25017383904,8.8,3.9,3.7,11.8,2.3,24.5
25017384003,12.4,0.7,2.1,9.3,1.7,38.7
25017384004,5.8,8.3,2.2,0.7,2.1,38.8
25017385101,5.7,1.1,3.2,1.6,5.4,44.5
25017385102,9.8,2.7,0.9,12.7,1.4,19.8
25017385201,7.4,1.7,4.9,4.3,6.5,29.3
25017385203,5.7,7.4,1.7,2.9,1.8,27.6
25017385204,4.0,4.7,4.1,0.0,5.9,37.8
25017386100,2.6,6.7,1.2,1.5,0.0,17.9
25017387100,7.2,5.1,3.4,4.6,0.1,12.3
25017387201,9.0,4.8,3.4,3.3,0.3,16.1
25017387202,2.4,4.3,4.1,3.5,2.3,11.2
25017388100,6.5,5.4,2.6,3.9,1.6,31.3
25017388200,7.4,5.3,8.7,3.4,1.4,18.5
25017388300,52.3,9.8,34.8,44.8,8.5,57.3
25017980000,,,,,,
25019950100,11.5,3.6,1.5,7.0,0.0,10.2
25019950201,7.4,11.7,6.0,0.8,1.7,38.9
25019950202,18.0,1.3,1.0,2.6,0.0,36.2
25019950307,4.6,0.0,0.0,1.6,0.0,3.9
25019950400,7.3,1.2,0.7,2.8,0.0,26.0
25019950500,12.3,4.9,1.5,12.3,3.8,25.4
25019990000,,,,,,
25021400100,25.3,4.5,5.5,33.6,3.6,42.1
25021400201,8.8,4.1,2.7,46.0,4.1,29.1
25021400202,22.8,5.1,0.3,46.6,3.8,31.3
25021400300,10.3,4.8,3.2,31.2,1.7,32.5
25021400401,15.1,8.3,7.7,45.7,2.6,35.9
25021400402,6.4,3.2,0.3,17.4,0.1,32.9
25021400500,10.4,2.5,1.9,33.9,1.1,23.1
25021400600,3.3,2.0,0.8,18.8,0.6,36.9
25021400700,13.0,4.4,1.3,30.6,2.3,17.5
25021400800,12.6,1.6,1.8,30.4,2.9,33.3
25021400900,24.3,2.4,2.6,32.8,6.2,39.6
25021401000,15.5,6.1,3.5,13.7,2.4,34.2
25021401100,4.6,1.0,0.4,9.9,0.7,30.9
25021401201,11.6,0.7,1.1,4.0,4.1,42.2
25021401202,8.2,4.8,2.2,17.4,1.9,42.4
25021402101,12.2,4.3,0.4,6.2,1.8,17.6
25021402102,15.5,4.7,9.0,10.4,8.2,31.3
25021402200,9.4,2.1,5.2,4.2,1.4,15.2
25021402300,4.6,5.5,6.6,3.7,1.7,15.8
25021402400,5.6,3.7,4.4,6.7,1.6,11.7
25021402500,9.4,2.0,7.7,14.8,1.4,22.7
25021403100,5.1,3.9,0.8,3.2,1.9,9.7
25021403300,3.2,3.9,0.4,3.4,1.2,16.3
25021403400,5.2,8.6,1.7,4.9,0.4,15.4
25021403501,6.4,1.5,2.9,17.4,0.8,23.6
25021403502,2.9,4.8,3.9,3.5,2.2,19.9
25021404100,7.7,1.6,2.2,3.8,2.1,30.0
25021404201,3.7,2.2,2.4,6.2,0.6,16.8
25021404202,3.3,5.2,2.0,4.5,2.7,30.2
25021404301,3.1,1.2,0.4,1.0,1.5,21.2
25021404302,5.1,8.9,2.4,5.5,2.1,32.3
25021404400,9.4,5.2,1.1,6.0,1.9,27.6
25021405100,2.3,9.0,1.7,1.6,1.0,23.3
25021406101,6.7,3.7,2.6,4.1,0.0,8.0
25021406102,7.1,5.4,2.3,1.5,0.0,18.9
25021407101,4.2,1.8,6.2,1.8,0.8,11.5
25021407102,8.2,4.8,0.5,1.4,1.4,9.3
25021408102,8.2,4.2,1.9,7.1,0.7,20.6
25021408103,7.2,2.1,2.7,5.1,0.0,12.2
25021408104,9.4,2.5,5.8,2.1,4.5,14.7
25021409101,1.4,6.7,9.0,0.0,0.9,19.6
25021409102,3.3,2.4,2.1,1.4,0.0,12.9
25021410100,12.0,4.6,3.9,3.3,2.9,23.0
25021410300,19.0,11.8,2.0,1.1,1.5,14.7
25021410400,14.3,2.0,2.2,3.1,1.0,17.4
25021411101,4.4,4.6,2.9,9.6,4.6,16.1
25021411102,3.1,1.6,1.5,3.8,0.0,7.2
25021411200,6.6,4.7,6.0,3.9,3.2,22.3
25021411301,5.0,6.2,4.6,4.7,0.7,13.8
25021411302,17.4,6.2,2.1,1.7,0.5,14.9
25021412100,7.3,2.7,4.7,2.9,1.1,27.0
25021412200,3.8,2.2,2.6,6.5,0.9,11.3
25021412300,9.4,3.2,2.5,2.3,0.2,23.8
25021413100,16.5,5.7,11.3,5.0,6.2,24.2
25021413201,22.5,3.5,6.4,13.8,1.1,14.6
25021413202,2.9,4.9,5.8,7.4,0.0,13.1
25021413300,9.4,2.8,1.1,3.7,1.9,17.4
25021413401,7.0,3.4,3.2,18.0,0.3,17.8
25021413402,8.8,2.7,4.1,5.1,2.9,44.2
25021413500,23.6,2.7,12.7,5.8,14.3,44.7
25021414100,1.3,4.1,1.4,0.6,0.0,38.6
25021414200,0.6,3.3,2.7,1.0,2.2,32.9
25021414300,5.1,2.0,1.5,5.3,3.7,23.4
25021415101,4.8,1.6,1.7,5.0,1.7,26.4
25021415103,7.8,5.7,6.0,0.5,2.5,27.0
25021415104,4.5,2.4,3.3,8.0,2.5,15.1
25021415201,10.6,11.5,5.6,11.8,4.8,45.1
25021415202,11.3,16.2,2.1,8.4,0.9,25.4
25021415300,3.8,2.3,3.4,7.4,0.4,20.0
25021416101,5.9,2.4,4.2,3.7,0.4,18.2
25021416102,3.8,6.3,3.3,6.5,1.4,29.3
25021416200,12.1,2.3,4.7,12.7,1.6,59.7
25021416300,6.8,5.4,4.0,3.7,1.7,30.2
25021416400,4.7,3.7,4.3,1.1,0.6,10.2
25021417100,10.0,2.8,12.5,9.3,8.7,34.4
25021417201,17.5,4.0,12.4,11.9,20.0,68.9
25021417202,10.9,5.5,16.5,7.9,15.2,49.8
25021417300,9.5,2.7,4.5,11.4,4.9,23.3
25021417400,4.5,1.8,6.1,11.2,1.0,19.7
25021417501,14.7,4.8,16.6,6.6,19.4,50.4
25021417502,16.2,2.5,21.0,21.3,15.4,57.7
25021417601,12.9,11.0,11.8,16.0,12.7,44.5
25021417602,21.7,7.5,13.5,15.6,9.6,44.3
25021417702,14.3,5.0,4.9,6.0,5.6,19.9
25021417703,30.4,15.0,10.7,40.9,9.0,40.4
25021417704,11.6,2.8,6.8,16.7,5.4,32.4
25021417801,14.0,5.3,1.9,3.5,5.8,22.5
25021417802,51.8,12.7,25.6,33.0,15.8,55.4
25021417901,19.6,10.9,12.8,17.1,10.2,42.0
25021417902,16.8,2.0,15.1,19.7,8.1,42.5
25021418002,12.8,9.3,6.0,7.5,6.8,49.2
25021418003,17.0,3.8,2.1,8.6,7.0,48.1
25021418004,27.9,8.4,14.6,15.1,21.2,52.7
25021418101,15.5,4.4,4.5,21.2,3.8,37.1
25021418102,13.1,12.1,9.9,14.5,9.5,51.4
25021418201,27.6,11.3,6.3,11.9,8.9,56.0
25021419100,6.7,3.3,5.6,1.6,2.4,30.3
25021419200,10.1,5.3,6.7,12.0,4.1,25.9
25021419300,14.7,2.5,10.2,8.5,4.4,33.3
25021419400,11.2,0.7,14.8,23.5,17.7,37.0
25021419500,6.0,2.8,5.5,7.1,3.4,38.1
25021419601,13.4,4.2,0.0,0.0,8.4,23.7
25021419602,11.9,7.6,3.3,4.8,3.4,24.1
25021419700,6.6,3.0,4.4,7.5,4.0,33.3
25021419800,10.1,3.3,9.0,8.7,4.5,27.3
25021420101,11.5,7.4,10.9,10.9,5.9,59.3
25021420102,17.3,6.7,23.5,8.0,10.1,72.0
25021420201,8.8,3.3,15.5,11.2,6.4,67.9
25021420202,18.4,8.7,9.6,9.0,8.2,71.4
25021420301,12.4,8.1,13.6,7.1,9.4,82.8
25021420302,11.6,11.3,13.4,8.7,8.9,71.4
25021421100,20.1,1.3,5.6,6.9,0.0,27.9
25021421200,7.7,6.0,9.4,2.2,3.5,26.2
25021422100,5.4,2.4,4.6,3.1,1.6,11.4
25021422201,8.0,1.3,5.2,1.4,10.2,21.9
25021422202,13.6,5.9,4.7,9.4,5.7,22.6
25021422301,7.1,6.0,3.8,6.2,2.1,12.4
25021422303,12.2,7.7,6.2,6.5,5.7,22.9
25021422304,8.1,4.3,3.5,5.6,0.0,10.3
25021422401,18.8,12.5,10.5,8.6,7.0,24.9
25021422402,7.2,5.2,4.6,6.3,0.9,12.7
25021422501,10.1,2.5,3.5,7.1,0.9,28.9
25021422502,27.8,3.4,11.7,11.9,2.6,30.5
25021422600,8.1,3.0,3.3,4.1,2.0,19.4
25021422700,8.9,4.7,8.6,7.4,2.9,21.4
25021422800,6.8,3.7,2.9,1.3,0.7,9.7
25021423101,9.6,3.1,0.5,3.2,1.3,9.0
25021423102,4.1,4.5,4.3,7.5,0.0,5.8
25021440101,15.9,7.7,6.0,4.7,3.3,17.9
25021440102,4.3,8.1,0.3,5.1,0.0,23.4
25021441202,4.1,2.0,1.3,2.9,0.4,8.1
25021441203,8.0,8.8,2.6,6.9,0.8,14.6
25021441204,5.4,6.8,5.8,1.6,0.2,4.1
25021442101,5.4,3.9,0.7,2.1,0.2,14.2
25021442103,3.0,6.1,2.5,0.8,1.4,12.4
25021442104,7.6,1.2,3.1,0.0,1.4,17.5
25021442105,6.9,3.4,9.3,2.9,2.0,22.0
25021442201,5.8,4.4,0.9,2.9,0.5,7.6
25021442203,13.7,4.4,3.0,10.6,1.0,10.8
25021442204,10.4,13.7,3.1,5.6,1.6,14.0
25021443103,7.7,7.1,7.1,2.4,0.0,14.5
25021443104,8.5,7.6,2.1,1.2,1.2,3.6
25021443105,17.8,4.5,2.7,5.3,14.0,21.4
25021443106,1.2,8.5,3.2,1.6,0.2,27.5
25021456101,1.7,1.2,4.4,4.1,3.4,35.0
25021456102,14.7,6.3,12.6,3.8,5.5,29.7
25021456200,5.3,6.0,7.8,7.0,3.3,45.4
25021456301,23.6,5.6,9.6,9.4,9.6,37.8
25021456302,32.0,6.0,9.3,11.1,2.5,49.1
25021456401,9.5,2.6,13.7,6.7,5.0,32.6
25021456402,8.2,4.8,8.0,0.3,4.1,29.5
25021457100,7.1,3.4,8.2,2.7,2.5,32.5
25021457200,1.2,5.8,2.4,8.9,1.6,25.6
25021980000,,,,,,
25023500101,7.5,4.5,1.3,3.7,0.3,7.8
25023500103,6.2,5.2,1.6,4.1,0.3,5.7
25023500104,6.8,2.5,3.6,1.5,0.0,2.0
25023501101,7.3,4.7,1.3,7.2,1.1,7.5
25023501102,4.6,2.8,3.5,4.6,1.4,10.4
25023501201,1.6,4.9,0.4,0.0,0.2,3.1
25023501203,2.4,3.9,1.0,5.1,0.0,3.6
25023501204,5.5,3.5,0.6,11.0,0.0,6.9
25023502101,13.7,4.2,8.1,2.2,1.6,17.6
25023502102,10.1,3.0,4.6,5.5,0.4,10.3
25023502200,13.1,5.4,3.3,6.9,1.0,12.6
25023503101,6.3,7.7,3.0,6.4,0.4,7.2
25023503102,7.6,5.2,3.0,5.3,1.0,7.2
25023504101,5.1,2.2,2.7,2.1,0.8,8.6
25023504102,5.3,1.6,1.6,1.5,0.6,10.6
25023505102,6.3,4.7,0.3,0.4,0.0,8.2
25023505103,4.8,2.0,0.4,2.4,0.0,6.3
25023505104,9.3,2.3,0.7,2.7,0.0,4.2
25023505201,8.2,3.5,3.6,1.9,2.6,14.7
25023505202,6.4,1.6,5.6,6.0,3.4,14.0
25023506102,15.7,0.8,5.9,4.5,0.9,7.1
25023506103,24.4,1.1,0.9,2.6,0.0,6.4
25023506104,1.4,1.6,0.8,0.0,0.0,11.9
25023506202,6.6,4.5,1.1,2.3,0.5,3.2
25023506203,7.3,6.2,5.7,1.5,0.0,1.8
25023506205,7.2,6.9,0.5,12.8,0.0,3.4
25023506206,14.2,5.5,0.7,1.2,0.0,3.5
25023507101,6.5,2.2,0.5,8.5,0.3,6.3
25023507103,4.3,5.8,1.2,0.4,0.0,6.0
25023507104,9.5,4.7,8.6,4.9,0.0,5.0
25023508101,3.4,2.7,3.3,5.2,0.2,7.7
25023508102,5.8,4.4,2.2,2.1,0.3,6.6
25023508200,6.2,2.8,3.1,0.7,0.0,6.5
25023509101,5.2,0.7,3.0,1.3,0.3,6.0
25023509102,5.8,2.3,2.4,9.5,1.0,5.0
25023510100,15.9,11.4,6.9,4.0,2.8,49.4
25023510200,14.8,2.2,13.7,7.0,8.1,69.1
25023510300,27.4,9.2,19.9,23.0,22.8,83.9
25023510400,39.5,8.4,35.0,18.9,18.7,91.1
25023510501,15.5,3.9,16.4,12.2,11.5,66.1
25023510503,28.8,9.2,14.0,21.2,7.4,72.0
25023510504,25.5,3.0,14.9,32.7,15.3,77.9
25023510505,25.4,10.8,15.3,25.1,14.7,76.8
25023510600,8.4,7.9,7.6,2.9,2.9,43.1
25023510700,13.6,2.5,16.8,10.3,14.3,56.8
25023510800,28.3,10.9,22.1,16.8,14.0,94.8
25023510900,59.0,23.8,45.9,55.0,29.8,77.8
25023511000,37.7,6.6,27.0,17.8,9.4,82.9
25023511100,10.9,3.0,12.4,5.0,4.1,55.7
25023511200,23.0,6.1,26.3,22.9,16.1,66.6
25023511301,12.4,10.3,17.4,11.2,7.6,78.2
25023511302,25.2,8.9,14.1,6.0,2.7,69.9
25023511400,26.4,7.5,36.1,12.0,13.2,87.4
25023511500,18.4,13.8,24.6,24.7,22.2,92.2
25023511601,13.3,16.8,13.0,26.1,4.5,68.5
25023511602,18.6,2.3,16.5,32.5,4.5,58.6
25023511701,5.8,9.8,12.7,1.8,7.0,52.9
25023511702,3.4,8.2,11.2,2.4,2.6,48.6
25023520100,7.6,4.9,3.9,3.0,1.9,11.7
25023520201,12.1,5.8,8.8,6.4,1.5,23.6
25023520202,14.4,3.8,2.4,2.8,1.3,11.4
25023521101,8.8,4.9,7.4,3.0,2.7,13.0
25023521102,10.7,6.9,4.4,3.5,1.0,11.0
25023521201,11.7,2.2,7.6,6.5,4.0,12.7
25023521202,3.0,4.4,2.1,1.4,0.1,8.0
25023522101,7.4,5.3,4.8,5.1,1.0,10.0
25023522102,4.1,3.3,7.8,2.6,0.0,13.2
25023523100,12.2,5.5,5.6,8.3,0.6,10.7
25023523201,10.7,0.9,5.0,7.7,0.9,10.2
25023523203,2.7,8.2,3.6,4.9,0.3,6.9
25023523204,6.8,4.9,7.0,3.3,1.4,13.0
25023524101,5.6,3.6,2.5,2.2,0.4,5.0
25023524102,11.0,5.2,3.7,2.2,2.3,11.9
25023525101,12.1,3.3,6.1,3.2,0.0,15.6
25023525104,6.0,2.7,1.8,4.3,0.0,7.8
25023525204,1.7,2.6,2.6,0.5,1.0,14.3
25023526100,5.4,1.4,3.7,5.3,0.0,8.9
25023530100,11.4,5.2,6.2,8.0,0.3,10.9
25023530200,26.5,18.1,5.9,18.0,6.0,18.2
25023530300,13.5,5.9,6.3,9.4,2.1,13.6
25023530400,2.2,1.8,3.9,0.0,1.8,8.2
25023530500,17.7,5.6,9.1,4.1,3.4,17.7
25023530600,3.0,2.0,7.3,3.3,0.2,11.9
25023530700,7.6,2.8,1.4,4.4,0.0,1.4
25023530801,7.6,2.3,2.7,2.1,0.0,6.1
25023530802,4.5,8.7,3.0,2.6,0.0,14.1
25023530902,2.2,7.3,5.1,0.7,0.1,9.8
25023530903,9.7,4.1,2.8,1.7,1.3,10.7
25023530904,5.1,10.0,1.9,1.5,0.0,11.6
25023540101,13.7,2.6,5.1,3.0,0.0,9.4
25023540102,7.2,9.0,6.7,2.3,0.0,6.0
25023540103,3.4,4.1,7.4,0.8,0.9,3.7
25023541100,6.6,4.0,3.1,3.2,0.0,2.7
25023542101,8.5,6.1,4.9,2.4,1.3,8.3
25023542102,12.6,4.3,9.0,6.0,0.7,6.8
25023542200,4.0,5.8,5.2,2.4,0.5,13.0
25023542301,21.5,6.5,10.3,10.4,0.2,14.6
25023542302,23.9,1.4,3.0,9.0,1.2,7.2
25023543100,14.7,4.4,7.4,1.5,0.0,3.1
25023544100,12.9,4.2,4.7,2.5,0.0,11.2
25023544200,12.0,3.7,7.3,6.0,0.4,10.0
25023545100,17.8,4.6,6.1,3.2,0.0,21.2
25023545200,9.3,6.8,11.1,7.2,0.3,19.6
25023545300,17.6,13.3,6.3,6.4,0.8,21.1
25023545400,10.6,2.8,8.1,5.7,2.4,9.5
25023560100,3.2,4.0,3.3,1.4,0.0,7.1
25023561100,9.2,5.4,3.8,4.3,3.3,20.4
25023561400,13.9,9.2,3.3,1.4,1.0,17.6
25023980200,30.6,39.6,24.0,11.1,1.0,38.7
25023980300,90.2,6.4,0.0,0.0,0.0,22.9
25023990003,,,,,,
25025000101,17.9,5.0,0.3,19.1,0.5,29.4
25025000102,32.3,3.6,15.2,17.9,8.2,52.3
25025000201,21.0,4.8,9.9,14.5,10.0,37.2
25025000202,28.6,3.0,15.7,12.1,7.1,41.0
25025000301,14.0,1.4,7.2,13.4,2.5,32.8
25025000302,8.5,3.3,5.7,6.6,5.4,38.3
25025000401,26.6,2.9,4.3,44.9,15.9,33.0
25025000402,21.4,4.2,2.5,19.2,6.4,35.0
25025000502,27.1,7.4,0.1,48.7,2.3,33.4
25025000503,18.8,2.9,1.7,45.7,2.1,23.6
25025000505,35.7,7.1,1.1,49.7,4.2,42.7
25025000506,29.0,2.8,1.8,44.2,9.8,35.9
25025000601,12.3,1.9,13.1,16.2,10.4,36.2
25025000603,60.3,4.0,9.2,55.4,19.9,77.6
25025000604,42.0,4.4,3.4,46.1,12.6,48.2
25025000701,29.1,10.3,1.6,58.0,5.8,32.9
25025000703,41.2,9.6,0.0,70.7,3.0,42.4
25025000704,28.8,4.4,5.0,49.8,5.3,45.2
25025000804,16.0,3.0,0.7,31.6,2.3,45.3
25025000805,42.8,5.9,7.4,51.6,5.7,53.0
25025000806,32.0,7.8,0.0,64.1,0.2,44.1
25025000807,75.6,10.6,0.0,,0.5,43.8
25025010103,34.5,17.7,0.0,59.6,1.2,46.9
25025010104,34.7,7.9,3.9,61.7,3.6,39.3
25025010204,39.9,17.0,6.5,47.8,3.8,40.6
25025010205,30.9,3.3,1.2,59.2,5.4,50.7
25025010206,35.7,3.6,1.8,53.8,3.7,51.9
25025010300,21.8,8.3,9.1,63.7,1.6,35.5
25025010403,58.4,6.0,1.2,71.1,7.7,48.1
25025010404,49.2,11.7,7.5,70.5,1.7,44.6
25025010405,48.9,21.2,16.4,63.1,5.3,56.5
25025010408,33.4,4.9,2.4,63.7,1.2,37.9
25025010500,37.1,8.8,1.6,69.5,4.0,52.7
25025010600,20.0,2.9,2.4,44.0,0.9,35.0
25025010701,8.6,2.7,0.0,46.7,0.0,25.5
25025010702,8.5,1.5,0.5,35.6,0.4,23.3
25025010801,11.4,2.5,0.5,51.1,0.4,19.2
25025010802,8.1,5.5,1.1,41.7,0.8,16.0
25025020101,5.7,3.7,0.1,40.3,0.0,8.5
25025020200,14.8,0.6,3.4,71.0,2.1,16.7
25025020301,13.6,2.6,1.4,67.1,3.2,40.4
25025020302,7.5,5.1,1.9,73.6,0.0,13.8
25025020304,15.1,1.9,0.3,43.6,0.5,27.5
25025020305,17.7,5.5,5.7,61.0,2.5,35.4
25025030100,23.3,1.1,6.4,62.4,0.6,17.5
25025030200,11.3,0.7,2.6,49.8,0.6,14.8
25025030301,7.0,9.6,0.0,24.8,0.0,13.0
25025030302,32.2,9.9,3.0,75.3,2.0,33.3
25025030400,13.9,4.8,2.0,54.1,0.4,13.4
25025030500,9.2,3.0,4.2,49.2,3.0,12.4
25025040100,11.5,1.7,3.3,21.3,2.9,18.8
25025040200,26.8,5.1,13.3,23.1,3.2,49.9
25025040300,5.7,1.2,2.9,20.4,0.5,18.8
25025040401,13.4,1.5,4.1,25.7,6.5,25.2
25025040600,8.4,2.2,0.8,10.9,2.8,20.9
25025040801,23.7,4.7,15.9,25.7,9.1,43.4
25025050101,27.3,7.8,36.5,35.7,28.6,70.9
25025050200,28.9,7.9,30.1,39.0,29.7,71.4
25025050300,26.2,5.3,20.3,37.1,17.1,59.4
25025050400,27.5,4.3,24.2,51.8,13.6,52.5
25025050500,19.3,7.8,18.6,22.0,19.4,65.4
25025050600,15.6,2.0,28.3,43.1,33.1,71.4
25025050700,28.6,11.4,29.5,41.5,43.5,77.7
25025050901,29.8,11.2,29.4,31.3,29.3,75.7
25025051000,14.5,4.9,16.3,16.5,17.5,58.5
25025051101,24.7,13.6,17.8,20.3,15.6,62.1
25025051200,11.9,3.6,8.2,26.8,6.7,41.6
25025060101,4.1,3.7,0.3,17.0,0.2,5.2
25025060200,8.7,5.5,1.6,19.9,0.9,6.2
25025060301,16.6,1.1,1.6,18.3,0.5,8.0
25025060400,2.5,0.0,2.3,17.4,0.0,3.0
25025060501,4.5,2.3,3.3,15.1,0.0,20.2
25025060601,8.0,0.0,3.2,37.9,6.9,39.5
25025060602,16.6,3.6,0.0,50.8,0.0,20.0
25025060603,3.2,1.7,0.0,45.3,0.0,16.4
25025060604,4.9,3.2,0.0,39.1,1.6,22.0
25025060700,53.9,31.3,29.6,69.0,30.3,90.0
25025060800,8.5,4.9,3.7,27.0,1.0,16.4
25025061000,39.0,1.4,14.4,41.8,10.5,42.6
25025061101,52.6,11.4,17.1,66.9,18.7,65.6
25025061201,23.4,9.0,0.0,21.2,0.0,17.2
25025061202,,,,,,
25025061203,5.8,1.6,5.1,14.9,2.9,22.4
25025061204,2.9,0.0,0.0,47.2,1.3,9.4
25025070102,34.8,9.8,18.2,51.2,12.4,48.5
25025070103,36.6,6.4,9.6,75.9,10.1,72.5
25025070104,23.5,4.8,1.4,45.0,2.7,35.5
25025070201,31.7,3.4,27.5,72.3,14.0,46.0
25025070202,39.0,5.7,18.5,73.9,24.8,77.2
25025070301,15.1,3.8,5.1,29.9,2.1,27.5
25025070302,23.1,0.0,5.3,53.9,7.6,28.6
25025070402,35.5,2.8,20.4,52.1,24.9,59.2
25025070501,5.0,0.4,3.8,26.1,1.3,22.8
25025070502,54.3,27.9,32.0,38.7,33.7,72.3
25025070600,4.7,3.4,1.6,23.5,0.0,22.8
25025070700,23.8,6.6,6.1,34.2,5.2,51.2
25025070801,36.8,0.0,9.4,41.1,6.3,31.7
25025070802,27.5,2.5,5.6,37.7,5.0,38.1
25025070901,43.1,7.9,10.7,58.7,12.5,81.4
25025070902,24.1,5.2,11.2,32.9,3.9,36.8
25025071101,26.1,6.5,8.7,37.7,6.2,45.6
25025071201,44.1,10.2,24.3,36.2,20.0,61.4
25025080100,41.8,7.0,24.2,43.6,13.9,74.1
25025080300,43.9,21.0,20.8,50.1,7.8,87.1
25025080401,53.8,11.4,24.3,47.1,12.0,92.9
25025080500,37.2,15.8,17.8,51.3,13.1,89.9
25025080601,62.5,21.6,33.7,63.6,8.3,68.6
25025080801,61.3,16.1,36.4,58.7,8.1,78.1
25025080900,43.5,3.1,3.3,45.3,0.7,39.5
25025081001,52.5,2.3,18.3,64.7,19.4,66.3
25025081101,21.7,3.0,9.5,62.3,4.0,48.2
25025081102,34.3,10.9,10.6,49.1,4.8,54.3
25025081200,55.1,16.6,28.0,42.3,16.7,87.4
25025081301,59.6,10.3,35.2,50.0,23.6,87.6
25025081302,60.5,5.4,32.7,58.5,28.5,90.2
25025081400,38.6,11.5,10.8,33.2,1.8,63.6
25025081500,39.4,13.5,25.1,32.0,3.6,84.8
25025081700,41.7,12.7,17.7,49.4,8.8,93.7
25025081800,27.0,9.9,23.1,31.9,7.1,94.6
25025081900,28.8,8.0,15.3,25.2,8.6,92.6
25025082000,35.0,3.0,20.3,34.9,8.2,94.6
25025082100,37.2,10.5,15.7,54.3,12.4,89.1
25025090100,42.9,11.3,16.4,32.1,9.8,93.6
25025090200,33.9,8.2,23.2,38.8,13.7,97.5
25025090300,49.7,8.6,28.1,32.4,26.1,90.8
25025090400,28.7,12.8,14.7,43.0,8.1,96.0
25025090600,24.3,4.6,24.2,35.0,21.9,90.9
25025090700,29.7,4.4,9.0,30.3,9.0,33.3
25025090901,51.1,3.5,13.5,39.6,3.3,74.4
25025091001,24.4,5.6,11.5,32.8,10.1,46.9
25025091100,18.0,4.4,9.3,23.3,7.4,47.9
25025091200,36.9,3.2,13.4,29.4,9.1,67.3
25025091300,46.1,10.4,27.8,40.3,12.0,92.9
25025091400,37.6,9.4,14.3,35.3,9.8,93.4
25025091500,39.5,13.1,15.2,30.2,12.0,79.4
25025091600,33.3,8.0,36.0,23.6,17.5,86.1
25025091700,35.1,8.6,29.6,21.6,12.8,96.9
25025091800,40.6,5.7,20.4,25.9,9.5,93.5
25025091900,42.9,5.6,19.4,23.8,19.5,95.1
25025092000,29.3,7.8,19.1,31.2,15.9,91.8
25025092101,31.8,8.6,33.9,21.6,19.5,73.7
25025092200,14.0,4.8,15.0,29.1,17.9,69.3
25025092300,26.2,7.0,25.1,33.2,14.6,94.9
25025092400,31.0,11.5,22.1,33.7,8.5,99.9
25025100100,39.9,13.3,15.9,39.2,9.4,97.9
25025100200,42.7,18.3,21.0,29.3,10.9,98.9
25025100300,18.8,10.4,13.7,13.0,10.0,97.1
25025100400,27.2,9.4,18.4,32.4,6.2,82.9
25025100500,32.1,7.5,16.3,32.2,13.8,83.7
25025100601,19.8,8.8,11.0,2.8,5.9,67.2
25025100603,8.9,4.5,5.2,7.6,3.0,21.3
25025100700,5.8,2.5,6.9,7.8,2.0,10.4
25025100800,16.7,5.3,6.9,22.4,5.1,45.8
25025100900,11.1,5.0,10.2,18.6,4.5,77.8
25025101001,28.2,10.5,10.8,20.2,10.8,99.3
25025101002,33.2,15.0,14.1,33.8,7.4,95.5
25025101101,18.9,8.0,15.4,20.4,9.7,95.1
25025101102,39.4,17.7,18.3,36.5,15.8,98.5
25025110104,42.2,6.9,24.9,31.2,12.3,77.1
25025110105,10.9,3.5,3.1,17.6,0.2,39.2
25025110106,13.2,2.5,5.9,18.5,3.2,28.6
25025110201,25.2,12.5,16.8,29.5,11.1,82.6
25025110301,8.9,3.3,13.0,10.3,7.4,56.7
25025110401,20.3,6.2,13.8,17.6,11.4,65.0
25025110403,11.2,4.6,5.8,6.8,2.5,45.7
25025110501,7.3,1.5,2.6,2.8,1.9,18.0
25025110502,9.9,3.7,13.0,14.9,10.4,41.4
25025110601,4.4,5.5,4.2,19.3,1.6,16.8
25025110607,5.9,1.8,2.2,6.5,4.5,23.5
25025120103,2.7,0.7,0.8,6.0,0.8,19.1
25025120104,7.2,2.5,2.4,12.3,0.9,31.4
25025120105,12.4,4.9,2.1,6.1,0.8,23.1
25025120201,20.3,1.7,5.5,23.1,5.9,51.4
25025120301,16.1,2.5,7.7,27.0,6.7,54.4
25025120400,7.5,4.6,3.0,22.2,0.4,26.6
25025120500,26.1,2.9,16.9,36.2,5.7,47.9
25025120600,2.8,0.4,3.8,23.0,2.2,32.6
25025120700,13.8,1.8,5.5,19.6,3.9,40.8
25025130101,4.8,3.1,1.4,5.6,2.5,24.1
25025130200,6.9,4.2,3.1,4.9,0.8,22.3
25025130300,5.2,8.0,0.7,4.3,0.4,18.3
25025130402,12.9,3.5,3.9,10.2,4.9,34.0
25025130404,8.5,5.1,10.2,14.8,1.3,37.1
25025130406,29.2,6.2,13.6,26.3,8.1,80.7
25025140102,10.6,6.1,4.5,6.5,4.1,62.9
25025140105,20.3,5.7,15.0,18.4,12.4,65.0
25025140106,38.0,11.7,21.1,22.6,17.6,78.8
25025140107,17.6,3.4,14.4,18.8,15.3,69.5
25025140201,8.2,3.2,9.7,8.3,11.6,53.8
25025140202,14.7,5.1,9.6,4.1,5.8,61.9
25025140300,22.0,15.1,9.6,23.5,7.6,90.0
25025140400,19.2,4.7,20.7,19.1,7.4,92.3
25025160102,34.0,0.9,31.8,28.2,37.4,91.3
25025160103,31.5,16.1,42.2,32.6,40.8,87.0
25025160200,36.0,17.2,42.9,32.3,46.0,91.8
25025160300,31.6,5.0,16.7,31.8,13.6,37.2
25025160400,37.7,6.6,29.9,42.4,29.8,71.9
25025160501,23.9,6.7,37.0,28.4,25.8,85.8
25025160502,45.4,7.1,33.0,28.1,27.0,81.8
25025160601,19.1,11.4,23.1,18.4,20.6,77.7
25025160602,28.7,6.9,29.4,15.9,17.4,71.1
25025170101,10.9,8.4,19.8,25.4,10.9,49.3
25025170102,10.5,11.8,21.4,8.8,14.8,62.9
25025170200,30.8,7.8,17.6,23.2,15.6,35.0
25025170301,13.6,3.6,14.6,5.3,11.0,44.3
25025170302,20.0,0.0,7.5,15.8,14.2,46.6
25025170400,20.5,15.6,21.2,14.4,12.7,41.7
25025170502,31.3,10.8,14.5,23.3,9.5,35.3
25025170503,23.6,1.6,16.7,17.2,4.6,42.5
25025170504,5.8,8.6,14.9,16.1,11.4,52.4
25025170601,17.0,2.1,16.0,9.0,13.4,57.0
25025170701,12.3,2.7,23.8,13.1,23.0,63.5
25025170702,29.2,9.0,23.1,26.1,35.0,84.7
25025170800,22.9,9.3,13.7,26.5,21.1,55.5
25025180101,12.2,8.7,4.1,11.0,3.9,41.0
25025180200,18.1,6.7,4.3,19.3,3.5,29.1
25025180301,10.3,2.5,1.9,11.0,0.0,6.6
25025180400,6.6,3.5,3.5,7.8,1.2,30.5
25025180500,9.6,2.0,2.5,9.7,2.0,23.1
25025980101,81.0,62.6,44.0,,12.6,73.9
25025980300,90.9,28.7,24.2,,8.4,34.5
25025980700,100.0,,0.0,,0.0,0.0
25025980900,16.7,0.0,16.7,80.8,0.0,30.0
25025981000,0.0,0.0,0.0,0.0,0.0,0.0
25025981100,0.0,0.0,23.8,100.0,0.0,58.2
25025981201,,,,,,
25025981202,,0.0,0.0,,0.0,36.7
25025981300,0.0,0.0,0.0,0.0,0.0,39.1
25025981501,,,,,,
25025981502,,,,,,
25025981600,,,,,,
25025981700,,,,,,
25025981800,0.0,0.0,0.0,46.4,0.0,78.3
25025981900,,,,,,
25025990101,,,,,,
25027700100,10.6,3.2,4.5,1.5,0.0,9.8
25027701101,16.9,9.0,5.5,2.4,0.0,15.7
25027701102,25.8,7.2,7.6,8.7,0.5,19.7
25027702201,15.1,5.0,11.4,3.3,0.0,3.4
25027702202,12.4,4.0,8.6,3.6,0.4,5.9
25027703100,20.2,10.4,10.0,10.5,1.0,11.7
25027703200,17.9,6.5,12.9,7.9,0.1,11.8
25027703300,17.7,5.1,8.3,18.1,1.5,10.5
25027704201,8.7,9.4,7.9,2.4,0.0,2.3
25027704202,11.8,3.3,3.3,6.1,0.4,9.9
25027705101,7.0,4.1,4.6,0.0,0.0,5.2
25027705102,14.3,9.1,12.0,1.3,0.0,3.8
25027706100,9.0,3.6,4.7,2.6,0.2,10.8
25027707100,38.7,6.8,11.2,11.3,2.6,14.0
25027707200,28.4,16.0,3.0,15.3,0.9,11.3
25027707300,35.0,2.5,11.6,17.4,1.5,21.4
25027707400,7.9,5.5,10.7,5.2,0.2,12.1
25027707500,23.1,7.3,16.0,4.6,0.9,19.9
25027708100,10.1,4.0,6.2,1.4,0.2,3.0
25027709100,17.6,8.3,7.7,6.8,4.3,29.8
25027709201,16.1,7.3,7.2,13.2,1.6,23.5
25027709203,10.9,3.8,8.9,22.2,7.8,22.4
25027709204,20.5,8.3,15.2,5.4,6.1,24.7
25027709400,32.1,10.8,19.6,6.7,5.7,38.9
25027709501,7.0,5.6,5.5,1.3,0.3,30.9
25027709502,7.1,5.9,4.9,5.2,0.7,20.8
25027709600,18.2,2.6,8.9,7.9,7.3,57.8
25027709701,7.8,0.7,11.0,12.3,5.4,31.9
25027709702,20.6,5.5,8.8,13.9,0.5,26.0
25027710100,20.2,3.0,11.3,10.3,1.3,42.5
25027710200,15.8,5.4,8.5,3.6,4.3,31.5
25027710300,15.7,10.4,7.8,5.1,2.1,36.0
25027710400,24.8,5.3,10.8,5.1,2.4,29.9
25027710500,30.7,5.6,20.6,20.1,5.0,45.3
25027710601,17.5,11.1,16.7,1.1,8.6,70.5
25027710602,30.2,15.2,20.2,8.3,8.9,57.5
25027710700,51.0,8.8,28.9,54.8,16.1,56.9
25027710800,24.7,6.8,15.4,21.8,3.1,41.6
25027711000,34.6,6.7,17.5,14.9,3.3,40.2
25027711100,8.7,5.7,6.9,6.8,1.4,27.2
25027712101,12.9,10.6,5.5,4.8,1.3,11.0
25027712102,6.2,2.5,3.8,2.3,1.3,10.9
25027713100,4.3,9.9,6.3,4.2,1.2,15.8
25027715100,2.7,6.2,0.8,0.5,0.5,15.2
25027716101,6.9,7.7,3.9,0.7,1.4,15.1
25027716102,14.4,2.2,9.3,2.8,6.0,23.5
25027716200,18.5,3.8,9.2,4.8,4.6,23.4
25027716300,16.2,3.7,7.1,9.7,4.2,25.2
25027717100,5.9,4.8,2.3,1.2,1.5,8.8
25027718100,9.6,3.7,3.5,2.8,0.2,8.8
25027719100,4.2,4.2,3.1,2.7,0.0,5.4
25027720100,7.7,1.8,1.7,1.3,0.2,6.5
25027721101,7.1,3.3,6.9,2.0,0.3,6.9
25027721103,1.9,2.8,2.0,4.0,0.6,5.7
25027721104,5.7,1.3,2.2,4.5,0.2,10.9
25027722100,15.3,5.1,6.7,4.4,0.0,6.4
25027723100,17.1,3.0,7.3,4.2,0.0,10.5
25027724100,14.7,9.1,7.1,4.4,0.4,5.3
25027725100,13.6,4.0,5.6,1.9,0.0,3.8
25027726100,5.4,4.8,5.6,1.6,0.1,9.4
25027726200,14.9,7.9,10.5,13.0,0.0,10.4
25027727100,2.3,4.0,4.6,1.6,0.6,10.7
25027728100,9.2,5.4,4.2,3.5,1.3,9.8
25027728200,11.2,3.9,3.3,0.6,1.6,15.5
25027728300,4.3,5.8,3.1,2.7,0.8,12.3
25027728400,3.7,5.3,2.9,2.3,1.5,17.9
25027729100,10.0,5.1,9.9,5.0,1.5,16.5
25027729200,7.4,3.8,6.5,3.5,0.0,12.3
25027730100,11.0,3.1,8.7,4.7,4.6,40.5
25027730200,23.1,5.7,11.7,10.5,6.9,38.5
25027730300,16.0,3.0,6.9,10.6,2.7,31.8
25027730401,24.6,3.2,13.3,19.2,7.0,56.3
25027730402,30.4,14.2,14.4,3.2,8.6,52.7
25027730500,25.7,4.9,2.8,14.0,6.7,57.4
25027730600,9.0,5.4,5.6,7.4,5.3,22.4
25027730700,17.4,7.1,4.9,4.8,2.6,31.6
25027730801,7.5,1.6,1.3,8.2,3.3,14.4
25027730802,9.2,6.5,8.3,11.6,4.3,36.4
25027730901,16.4,6.6,2.8,10.7,7.6,18.2
25027730902,28.5,4.1,6.4,7.1,2.6,30.9
25027731001,7.8,2.0,14.1,13.2,10.9,65.9
25027731002,25.5,7.8,12.5,14.1,8.8,51.1
25027731101,25.4,1.5,16.6,11.9,12.8,51.2
25027731102,14.5,4.4,8.6,3.8,6.9,38.3
25027731202,,10.5,,,0.0,29.2
25027731203,61.2,13.4,25.8,36.3,12.9,57.9
25027731204,37.6,13.4,27.6,20.9,11.3,65.4
25027731300,53.3,11.5,29.7,22.5,20.6,84.0
25027731400,51.2,3.9,35.2,50.2,24.9,80.1
25027731500,54.5,18.6,24.9,30.9,11.3,76.3
25027731601,47.6,6.4,16.0,36.0,7.8,41.5
25027731602,63.5,6.6,0.6,28.8,2.4,23.8
25027731700,43.6,5.7,10.3,24.3,10.9,53.0
25027731801,46.3,0.0,28.4,30.1,19.2,51.5
25027731802,56.8,4.2,20.7,36.6,22.9,59.9
25027731900,48.1,8.7,17.6,18.2,9.2,70.7
25027732001,65.2,11.5,23.9,21.1,20.1,67.9
25027732002,25.0,7.7,11.0,10.0,5.0,42.3
25027732201,19.3,5.3,12.7,11.3,7.3,47.1
25027732202,9.6,2.8,12.6,9.1,9.4,42.4
25027732203,25.7,8.8,6.5,8.0,7.0,46.0
25027732301,30.0,10.9,3.9,4.2,1.9,26.3
25027732302,23.8,4.1,17.4,12.9,4.6,48.7
25027732400,30.1,6.7,22.2,13.8,11.4,71.6
25027732500,41.6,11.0,34.3,25.1,13.9,65.5
25027732600,34.9,6.1,25.2,27.2,18.2,63.6
25027732700,21.6,3.9,13.5,26.5,6.2,60.1
25027732801,6.5,2.9,9.3,5.7,2.9,46.4
25027732802,19.6,4.9,16.9,5.8,9.1,31.9
25027732901,28.1,9.4,14.1,16.2,5.9,47.7
25027732902,,4.9,0.0,,0.4,28.7
25027733000,46.0,16.1,17.6,24.6,10.5,66.7
25027733101,15.3,8.1,8.0,3.3,1.4,39.9
25027733102,15.2,5.8,19.3,12.2,10.3,45.2
25027735100,11.2,3.1,5.9,2.8,0.8,11.0
25027735200,6.2,2.7,6.5,2.7,0.3,13.0
25027736100,3.9,3.0,6.2,1.7,1.9,8.9
25027736200,4.3,6.5,3.0,2.9,0.2,8.3
25027736300,12.0,2.0,7.3,5.9,1.9,15.9
25027736400,17.5,5.2,6.3,3.7,0.3,9.0
25027736500,7.0,4.1,10.2,11.8,1.4,8.1
25027737100,7.1,4.4,5.6,6.0,2.4,12.3
25027737200,19.6,7.9,10.1,15.5,0.4,9.9
25027737300,6.9,4.7,6.5,3.3,2.5,18.7
25027738100,6.0,5.5,4.3,3.1,1.5,27.7
25027738201,4.0,3.1,3.8,0.4,0.8,23.2
25027738202,13.0,4.4,3.1,10.5,0.2,13.1
25027739101,6.0,1.6,2.8,4.6,0.5,34.0
25027739102,4.8,0.6,3.7,1.6,1.8,63.4
25027739201,19.2,6.0,10.8,5.6,9.5,48.2
25027739202,6.5,6.1,3.4,6.0,1.2,31.1
25027739300,5.4,3.2,2.6,3.3,1.6,26.8
25027739401,8.9,2.8,4.6,5.0,2.6,29.7
25027739402,0.8,5.8,1.8,2.9,2.2,29.0
25027739500,4.6,2.6,2.5,3.7,1.7,26.1
25027740101,8.0,5.4,2.2,1.9,0.7,26.4
25027740102,4.3,4.1,3.0,5.6,1.6,17.3
25027740200,10.2,5.8,4.7,1.3,1.5,24.4
25027741101,3.0,2.0,1.9,0.7,1.3,19.4
25027741102,6.3,4.3,4.3,3.7,4.5,30.3
25027742300,12.9,2.3,6.8,7.5,5.5,22.1
25027742401,5.3,1.5,1.6,0.5,1.0,31.3
25027742402,6.0,4.7,2.4,7.2,4.3,68.6
25027743100,3.8,5.2,2.3,0.5,0.6,18.4
25027744102,13.8,2.2,6.2,0.6,1.2,17.3
25027744103,9.6,7.4,6.1,10.3,2.4,18.0
25027744104,4.5,5.3,4.8,3.6,5.0,25.7
25027744201,18.8,4.9,24.1,2.5,20.6,43.3
25027744202,9.1,5.6,13.4,7.8,13.6,28.1
25027744300,18.0,5.5,23.6,17.4,26.1,49.2
25027744400,31.2,9.9,18.6,17.2,15.4,33.6
25027745100,6.8,3.8,4.7,7.8,1.2,6.1
25027746100,10.6,0.9,2.2,2.6,0.8,7.5
25027747101,6.4,1.2,2.2,3.3,0.4,11.7
25027747102,7.7,6.0,5.3,7.5,0.4,14.8
25027748100,12.7,2.9,7.6,3.4,0.3,6.0
25027749100,3.6,2.3,5.9,2.1,0.1,9.2
25027749200,9.9,6.2,3.0,7.3,0.0,7.1
25027750100,14.4,5.5,7.2,6.6,1.1,16.8
25027750200,6.0,3.2,5.9,1.5,2.1,6.7
25027750300,14.2,12.1,15.0,8.6,1.6,17.3
25027751101,7.0,1.3,3.0,3.6,0.5,10.0
25027751102,3.7,4.0,2.1,0.0,0.5,8.8
25027752101,3.9,4.3,2.3,5.2,0.0,7.2
25027752102,5.4,8.4,0.9,0.0,0.0,2.8
25027753100,6.0,6.3,4.3,2.6,0.8,6.2
25027753200,12.6,1.6,7.9,5.6,1.3,11.1
25027754100,8.4,2.7,5.7,2.6,0.4,16.0
25027754200,35.5,12.7,8.1,16.4,3.2,32.4
25027754300,26.9,12.8,15.1,19.5,4.6,38.0
25027754400,19.7,6.7,8.0,10.3,4.3,27.6
25027755100,24.6,5.7,6.2,19.0,3.8,15.0
25027755201,5.8,6.1,4.3,5.9,2.8,13.9
25027755202,8.4,6.2,11.6,3.4,0.8,17.6
25027756101,6.8,5.7,4.5,8.2,0.1,7.1
25027756102,4.4,3.9,5.4,0.9,0.5,9.3
25027757100,25.1,7.0,19.6,14.3,5.2,38.6
25027757200,51.4,9.3,26.5,22.2,11.7,65.4
25027757300,44.4,12.8,28.7,44.8,20.5,61.9
25027757400,16.5,16.5,16.3,7.4,8.2,42.9
25027757500,19.0,4.9,13.1,7.6,2.4,23.5
25027758101,4.3,8.1,8.9,0.8,0.0,6.3
25027758103,8.8,6.7,3.1,2.8,0.7,8.4
25027758104,3.6,0.0,3.3,4.0,0.4,12.4
25027759100,9.2,6.0,3.5,5.2,0.2,10.3
25027760100,18.8,4.1,4.5,3.0,0.2,6.3
25027761100,20.8,11.1,7.5,7.2,2.9,6.5
25027761200,12.6,3.7,5.7,7.9,5.4,42.7
25027761300,10.6,8.1,5.9,3.6,0.7,33.4
25027761401,7.4,5.2,0.9,0.0,0.7,11.4
25027761402,6.2,1.8,11.9,9.9,1.8,39.6
